ac_no,ac_name,district,region_5way,reservation,is_reserved,winner_party_2016,winner_alliance_2016,runner_up_party_2016,runner_up_alliance_2016,winner_party_2021,winner_alliance_2021,runner_up_party_2021,runner_up_alliance_2021,winner_votes_2021,runner_up_votes_2021,total_valid_votes_2021,margin_pct_2021,vote_share_2021,proj_2026_dmk_alliance_pct,proj_2026_aiadmk_nda_pct,proj_2026_tvk_pct,proj_2026_ntk_pct,proj_2026_others_pct,proj_2026_winner,proj_2026_margin_pct
1,Gummidipoondi,Tiruvallur,Chennai_Metro,GEN,0,AIADMK,AIADMK_NDA,DMK,DMK_ALLIANCE,DMK,DMK_ALLIANCE,PMK,AIADMK_NDA,0,0,0,0.0,0.0,0.487829,0.312148,0.12742,0.038497,0.034107,DMK_ALLIANCE,0.175681
2,Ponneri,Tiruvallur,Chennai_Metro,SC,1,AIADMK,AIADMK_NDA,DMK,DMK_ALLIANCE,INC,DMK_ALLIANCE,AIADMK,AIADMK_NDA,0,0,0,0.0,0.0,0.475032,0.311088,0.153907,0.041045,0.018928,DMK_ALLIANCE,0.163944
3,Tiruttani,Tiruvallur,Chennai_Metro,GEN,0,AIADMK,AIADMK_NDA,INC,DMK_ALLIANCE,DMK,DMK_ALLIANCE,AIADMK,AIADMK_NDA,0,0,0,0.0,0.0,0.455608,0.325374,0.131413,0.052494,0.035111,DMK_ALLIANCE,0.130234
4,Thiruvallur,Tiruvallur,Chennai_Metro,GEN,0,DMK,DMK_ALLIANCE,AIADMK,AIADMK_NDA,DMK,DMK_ALLIANCE,AIADMK,AIADMK_NDA,0,0,0,0.0,0.0,0.443986,0.321157,0.141519,0.062975,0.030363,DMK_ALLIANCE,0.122829
5,Poonamallee,Tiruvallur,Chennai_Metro,SC,1,AIADMK,AIADMK_NDA,DMK,DMK_ALLIANCE,DMK,DMK_ALLIANCE,PMK,AIADMK_NDA,0,0,0,0.0,0.0,0.490599,0.315486,0.129522,0.023692,0.0407,DMK_ALLIANCE,0.175113
6,Avadi,Tiruvallur,Chennai_Metro,GEN,0,AIADMK,AIADMK_NDA,DMK,DMK_ALLIANCE,DMK,DMK_ALLIANCE,AIADMK,AIADMK_NDA,0,0,0,0.0,0.0,0.462063,0.317286,0.143696,0.036748,0.040208,DMK_ALLIANCE,0.144777
7,Maduravoyal,Tiruvallur,Chennai_Metro,GEN,0,AIADMK,AIADMK_NDA,INC,DMK_ALLIANCE,DMK,DMK_ALLIANCE,AIADMK,AIADMK_NDA,0,0,0,0.0,0.0,0.463416,0.336524,0.151934,0.014904,0.033223,DMK_ALLIANCE,0.126892
8,Ambattur,Tiruvallur,Chennai_Metro,GEN,0,AIADMK,AIADMK_NDA,INC,DMK_ALLIANCE,DMK,DMK_ALLIANCE,AIADMK,AIADMK_NDA,0,0,0,0.0,0.0,0.48128,0.318342,0.155929,0.011617,0.032833,DMK_ALLIANCE,0.162938
9,Madavaram,Tiruvallur,Chennai_Metro,GEN,0,DMK,DMK_ALLIANCE,AIADMK,AIADMK_NDA,DMK,DMK_ALLIANCE,AIADMK,AIADMK_NDA,0,0,0,0.0,0.0,0.464249,0.320816,0.13356,0.047023,0.034352,DMK_ALLIANCE,0.143433
10,Thiruvottiyur,Tiruvallur,Chennai_Metro,GEN,0,DMK,DMK_ALLIANCE,AIADMK,AIADMK_NDA,DMK,DMK_ALLIANCE,AIADMK,AIADMK_NDA,0,0,0,0.0,0.0,0.457459,0.325812,0.148844,0.028859,0.039025,DMK_ALLIANCE,0.131647
11,Dr. Radhakrishnan Nagar,Chennai,Chennai_Metro,GEN,0,AIADMK,AIADMK_NDA,DMK,DMK_ALLIANCE,DMK,DMK_ALLIANCE,AIADMK,AIADMK_NDA,0,0,0,0.0,0.0,0.461745,0.333528,0.140113,0.018998,0.045616,DMK_ALLIANCE,0.128217
12,Perambur,Chennai,Chennai_Metro,GEN,0,AIADMK,AIADMK_NDA,DMK,DMK_ALLIANCE,DMK,DMK_ALLIANCE,AIADMK,AIADMK_NDA,0,0,0,0.0,0.0,0.460285,0.335669,0.138925,0.029138,0.035984,DMK_ALLIANCE,0.124616
13,Kolathur,Chennai,Chennai_Metro,GEN,0,DMK,DMK_ALLIANCE,AIADMK,AIADMK_NDA,DMK,DMK_ALLIANCE,AIADMK,AIADMK_NDA,0,0,0,0.0,0.0,0.446876,0.337108,0.129588,0.030234,0.056193,DMK_ALLIANCE,0.109768
14,Villivakkam,Chennai,Chennai_Metro,GEN,0,DMK,DMK_ALLIANCE,AIADMK,AIADMK_NDA,DMK,DMK_ALLIANCE,AIADMK,AIADMK_NDA,0,0,0,0.0,0.0,0.470217,0.326241,0.141283,0.048849,0.013411,DMK_ALLIANCE,0.143976
15,Thiru-Vi-Ka-Nagar,Chennai,Chennai_Metro,SC,1,DMK,DMK_ALLIANCE,AIADMK,AIADMK_NDA,DMK,DMK_ALLIANCE,AIADMK,AIADMK_NDA,0,0,0,0.0,0.0,0.465037,0.325716,0.137114,0.039564,0.032569,DMK_ALLIANCE,0.139321
16,Egmore,Chennai,Chennai_Metro,SC,1,DMK,DMK_ALLIANCE,AIADMK,AIADMK_NDA,DMK,DMK_ALLIANCE,AIADMK,AIADMK_NDA,0,0,0,0.0,0.0,0.458066,0.307388,0.154191,0.045271,0.035084,DMK_ALLIANCE,0.150678
17,Royapuram,Chennai,Chennai_Metro,GEN,0,AIADMK,AIADMK_NDA,INC,DMK_ALLIANCE,DMK,DMK_ALLIANCE,AIADMK,AIADMK_NDA,0,0,0,0.0,0.0,0.45899,0.333938,0.125921,0.045781,0.035369,DMK_ALLIANCE,0.125052
18,Harbour,Chennai,Chennai_Metro,GEN,0,DMK,DMK_ALLIANCE,AIADMK,AIADMK_NDA,DMK,DMK_ALLIANCE,BJP,AIADMK_NDA,0,0,0,0.0,0.0,0.437176,0.332588,0.170064,0.03838,0.021793,DMK_ALLIANCE,0.104588
19,Chepauk-Thiruvallikeni,Chennai,Chennai_Metro,GEN,0,DMK,DMK_ALLIANCE,AIADMK,AIADMK_NDA,DMK,DMK_ALLIANCE,PMK,AIADMK_NDA,0,0,0,0.0,0.0,0.451076,0.319789,0.139221,0.050355,0.039559,DMK_ALLIANCE,0.131287
20,Thousand Lights,Chennai,Chennai_Metro,GEN,0,DMK,DMK_ALLIANCE,AIADMK,AIADMK_NDA,DMK,DMK_ALLIANCE,BJP,AIADMK_NDA,0,0,0,0.0,0.0,0.435999,0.317426,0.160978,0.03598,0.049617,DMK_ALLIANCE,0.118573
21,Anna Nagar,Chennai,Chennai_Metro,GEN,0,DMK,DMK_ALLIANCE,AIADMK,AIADMK_NDA,DMK,DMK_ALLIANCE,AIADMK,AIADMK_NDA,0,0,0,0.0,0.0,0.443801,0.356162,0.12877,0.046837,0.024432,DMK_ALLIANCE,0.087639
22,Virugampakkam,Chennai,Chennai_Metro,GEN,0,AIADMK,AIADMK_NDA,DMK,DMK_ALLIANCE,DMK,DMK_ALLIANCE,AIADMK,AIADMK_NDA,0,0,0,0.0,0.0,0.469525,0.32839,0.151762,0.02971,0.020612,DMK_ALLIANCE,0.141135
23,Saidapet,Chennai,Chennai_Metro,GEN,0,DMK,DMK_ALLIANCE,AIADMK,AIADMK_NDA,DMK,DMK_ALLIANCE,AIADMK,AIADMK_NDA,0,0,0,0.0,0.0,0.447831,0.318667,0.14165,0.052414,0.039438,DMK_ALLIANCE,0.129164
24,Thiyagarayanagar,Chennai,Chennai_Metro,GEN,0,AIADMK,AIADMK_NDA,DMK,DMK_ALLIANCE,DMK,DMK_ALLIANCE,AIADMK,AIADMK_NDA,0,0,0,0.0,0.0,0.473793,0.327677,0.122667,0.015821,0.060041,DMK_ALLIANCE,0.146116
25,Mylapore,Chennai,Chennai_Metro,GEN,0,AIADMK,AIADMK_NDA,INC,DMK_ALLIANCE,DMK,DMK_ALLIANCE,AIADMK,AIADMK_NDA,0,0,0,0.0,0.0,0.479925,0.314337,0.129207,0.044605,0.031925,DMK_ALLIANCE,0.165588
26,Velachery,Chennai,Chennai_Metro,GEN,0,DMK,DMK_ALLIANCE,AIADMK,AIADMK_NDA,INC,DMK_ALLIANCE,AIADMK,AIADMK_NDA,0,0,0,0.0,0.0,0.476894,0.329766,0.150327,0.006353,0.036659,DMK_ALLIANCE,0.147128
27,Sholinganallur,Chengalpattu,Chennai_Metro,GEN,0,DMK,DMK_ALLIANCE,AIADMK,AIADMK_NDA,DMK,DMK_ALLIANCE,AIADMK,AIADMK_NDA,0,0,0,0.0,0.0,0.460368,0.347514,0.124686,0.036379,0.031054,DMK_ALLIANCE,0.112854
28,Alandur,Kancheepuram,Chennai_Metro,GEN,0,DMK,DMK_ALLIANCE,AIADMK,AIADMK_NDA,DMK,DMK_ALLIANCE,AIADMK,AIADMK_NDA,0,0,0,0.0,0.0,0.472816,0.324187,0.130551,0.031938,0.040508,DMK_ALLIANCE,0.148629
29,Sriperumbudur,Kancheepuram,Chennai_Metro,SC,1,AIADMK,AIADMK_NDA,INC,DMK_ALLIANCE,INC,DMK_ALLIANCE,AIADMK,AIADMK_NDA,0,0,0,0.0,0.0,0.455445,0.336149,0.160063,0.022193,0.02615,DMK_ALLIANCE,0.119296
30,Pallavaram,Chengalpattu,Chennai_Metro,GEN,0,DMK,DMK_ALLIANCE,AIADMK,AIADMK_NDA,DMK,DMK_ALLIANCE,AIADMK,AIADMK_NDA,0,0,0,0.0,0.0,0.491156,0.329674,0.136758,0.006097,0.036315,DMK_ALLIANCE,0.161482
31,Tambaram,Chengalpattu,Chennai_Metro,GEN,0,DMK,DMK_ALLIANCE,AIADMK,AIADMK_NDA,DMK,DMK_ALLIANCE,AIADMK,AIADMK_NDA,0,0,0,0.0,0.0,0.481999,0.338928,0.150004,0.01124,0.017829,DMK_ALLIANCE,0.143071
32,Chengalpattu,Chengalpattu,Chennai_Metro,GEN,0,DMK,DMK_ALLIANCE,AIADMK,AIADMK_NDA,DMK,DMK_ALLIANCE,AIADMK,AIADMK_NDA,0,0,0,0.0,0.0,0.460207,0.352107,0.118812,0.028689,0.040185,DMK_ALLIANCE,0.1081
33,Thiruporur,Chengalpattu,Chennai_Metro,GEN,0,AIADMK,AIADMK_NDA,DMK,DMK_ALLIANCE,VCK,DMK_ALLIANCE,PMK,AIADMK_NDA,0,0,0,0.0,0.0,0.472775,0.338045,0.137309,0.03376,0.018113,DMK_ALLIANCE,0.13473
34,Cheyyur,Chengalpattu,Chennai_Metro,SC,1,DMK,DMK_ALLIANCE,AIADMK,AIADMK_NDA,VCK,DMK_ALLIANCE,AIADMK,AIADMK_NDA,0,0,0,0.0,0.0,0.373923,0.156003,0.426113,0.038356,0.005604,TVK,0.05219
35,Madurantakam,Chengalpattu,Chennai_Metro,SC,1,DMK,DMK_ALLIANCE,AIADMK,AIADMK_NDA,AIADMK,AIADMK_NDA,DMK,DMK_ALLIANCE,0,0,0,0.0,0.0,0.364588,0.420628,0.156103,0.038925,0.019756,AIADMK_NDA,0.05604
36,Uthiramerur,Kancheepuram,Chennai_Metro,GEN,0,DMK,DMK_ALLIANCE,AIADMK,AIADMK_NDA,DMK,DMK_ALLIANCE,AIADMK,AIADMK_NDA,0,0,0,0.0,0.0,0.46676,0.327235,0.145803,0.01051,0.049692,DMK_ALLIANCE,0.139525
37,Kancheepuram,Kancheepuram,Chennai_Metro,GEN,0,DMK,DMK_ALLIANCE,AIADMK,AIADMK_NDA,DMK,DMK_ALLIANCE,PMK,AIADMK_NDA,0,0,0,0.0,0.0,0.463191,0.330978,0.137836,0.034027,0.033968,DMK_ALLIANCE,0.132213
38,Arakkonam,Ranipet,North,SC,1,AIADMK,AIADMK_NDA,DMK,DMK_ALLIANCE,AIADMK,AIADMK_NDA,VCK,DMK_ALLIANCE,0,0,0,0.0,0.0,0.387619,0.456099,0.101426,0.04314,0.011717,AIADMK_NDA,0.06848
39,Sholingur,Ranipet,North,GEN,0,AIADMK,AIADMK_NDA,INC,DMK_ALLIANCE,INC,DMK_ALLIANCE,PMK,AIADMK_NDA,0,0,0,0.0,0.0,0.474371,0.359605,0.09512,0.032839,0.038064,DMK_ALLIANCE,0.114766
40,Katpadi,Vellore,North,GEN,0,DMK,DMK_ALLIANCE,AIADMK,AIADMK_NDA,DMK,DMK_ALLIANCE,AIADMK,AIADMK_NDA,0,0,0,0.0,0.0,0.443499,0.343269,0.112167,0.050309,0.050755,DMK_ALLIANCE,0.10023
41,Ranipet,Ranipet,North,GEN,0,DMK,DMK_ALLIANCE,AIADMK,AIADMK_NDA,DMK,DMK_ALLIANCE,AIADMK,AIADMK_NDA,0,0,0,0.0,0.0,0.459713,0.335354,0.10356,0.043691,0.057681,DMK_ALLIANCE,0.124359
42,Arcot,Ranipet,North,GEN,0,DMK,DMK_ALLIANCE,AIADMK,AIADMK_NDA,DMK,DMK_ALLIANCE,PMK,AIADMK_NDA,0,0,0,0.0,0.0,0.445091,0.368168,0.08017,0.041073,0.065497,DMK_ALLIANCE,0.076923
43,Vellore,Vellore,North,GEN,0,DMK,DMK_ALLIANCE,AIADMK,AIADMK_NDA,DMK,DMK_ALLIANCE,AIADMK,AIADMK_NDA,0,0,0,0.0,0.0,0.458928,0.344211,0.08569,0.0521,0.059071,DMK_ALLIANCE,0.114717
44,Anaikattu,Vellore,North,GEN,0,DMK,DMK_ALLIANCE,AIADMK,AIADMK_NDA,DMK,DMK_ALLIANCE,AIADMK,AIADMK_NDA,0,0,0,0.0,0.0,0.460573,0.36838,0.118661,0.018195,0.034191,DMK_ALLIANCE,0.092193
45,Kilvaithinankuppam,Vellore,North,SC,1,AIADMK,AIADMK_NDA,DMK,DMK_ALLIANCE,AIADMK,AIADMK_NDA,DMK,DMK_ALLIANCE,0,0,0,0.0,0.0,0.372458,0.437684,0.083427,0.056758,0.049674,AIADMK_NDA,0.065226
46,Gudiyattam,Vellore,North,SC,1,AIADMK,AIADMK_NDA,DMK,DMK_ALLIANCE,DMK,DMK_ALLIANCE,AIADMK,AIADMK_NDA,0,0,0,0.0,0.0,0.459665,0.344797,0.092357,0.052695,0.050486,DMK_ALLIANCE,0.114868
47,Vaniyambadi,Tirupattur,North,GEN,0,AIADMK,AIADMK_NDA,IUML,OTHERS,AIADMK,AIADMK_NDA,IUML,DMK_ALLIANCE,0,0,0,0.0,0.0,0.35526,0.444444,0.098023,0.059617,0.042656,AIADMK_NDA,0.089184
48,Ambur,Tirupattur,North,GEN,0,AIADMK,AIADMK_NDA,DMK,DMK_ALLIANCE,DMK,DMK_ALLIANCE,AIADMK,AIADMK_NDA,0,0,0,0.0,0.0,0.449268,0.380378,0.088962,0.018309,0.063084,DMK_ALLIANCE,0.06889
49,Jolarpet,Tirupattur,North,GEN,0,AIADMK,AIADMK_NDA,DMK,DMK_ALLIANCE,DMK,DMK_ALLIANCE,AIADMK,AIADMK_NDA,0,0,0,0.0,0.0,0.464945,0.366898,0.07728,0.038739,0.052137,DMK_ALLIANCE,0.098047
50,Tirupattur,Tirupattur,North,GEN,0,DMK,DMK_ALLIANCE,AIADMK,AIADMK_NDA,DMK,DMK_ALLIANCE,IND,AIADMK_NDA,0,0,0,0.0,0.0,0.432732,0.368584,0.090056,0.055136,0.053492,DMK_ALLIANCE,0.064148
51,Uthangarai,Krishnagiri,North,SC,1,AIADMK,AIADMK_NDA,DMK,DMK_ALLIANCE,AIADMK,AIADMK_NDA,INC,DMK_ALLIANCE,0,0,0,0.0,0.0,0.387858,0.440639,0.101112,0.036932,0.033459,AIADMK_NDA,0.052781
52,Bargur,Krishnagiri,North,GEN,0,AIADMK,AIADMK_NDA,DMK,DMK_ALLIANCE,DMK,DMK_ALLIANCE,AIADMK,AIADMK_NDA,0,0,0,0.0,0.0,0.470197,0.361092,0.094464,0.060044,0.014203,DMK_ALLIANCE,0.109105
53,Krishnagiri,Krishnagiri,North,GEN,0,DMK,DMK_ALLIANCE,AIADMK,AIADMK_NDA,AIADMK,AIADMK_NDA,DMK,DMK_ALLIANCE,0,0,0,0.0,0.0,0.348333,0.456571,0.089061,0.049279,0.056756,AIADMK_NDA,0.108238
54,Veppanahalli,Krishnagiri,North,GEN,0,DMK,DMK_ALLIANCE,AIADMK,AIADMK_NDA,AIADMK,AIADMK_NDA,DMK,DMK_ALLIANCE,0,0,0,0.0,0.0,0.390532,0.463839,0.08434,0.039628,0.021662,AIADMK_NDA,0.073307
55,Hosur,Krishnagiri,North,GEN,0,AIADMK,AIADMK_NDA,INC,DMK_ALLIANCE,DMK,DMK_ALLIANCE,AIADMK,AIADMK_NDA,0,0,0,0.0,0.0,0.479265,0.339162,0.100105,0.032512,0.048956,DMK_ALLIANCE,0.140103
56,Thalli,Krishnagiri,North,GEN,0,DMK,DMK_ALLIANCE,CPI,DMK_ALLIANCE,CPI,DMK_ALLIANCE,BJP,AIADMK_NDA,0,0,0,0.0,0.0,0.463373,0.364638,0.082404,0.039444,0.050141,DMK_ALLIANCE,0.098735
57,Palacode,Dharmapuri,North,GEN,0,AIADMK,AIADMK_NDA,DMK,DMK_ALLIANCE,AIADMK,AIADMK_NDA,DMK,DMK_ALLIANCE,0,0,0,0.0,0.0,0.380674,0.446542,0.073282,0.062137,0.037366,AIADMK_NDA,0.065868
58,Pennagaram,Dharmapuri,North,GEN,0,DMK,DMK_ALLIANCE,PMK,AIADMK_NDA,PMK,AIADMK_NDA,IND,DMK_ALLIANCE,0,0,0,0.0,0.0,0.345625,0.451098,0.116288,0.045255,0.041733,AIADMK_NDA,0.105473
59,Dharmapuri,Dharmapuri,North,GEN,0,DMK,DMK_ALLIANCE,AIADMK,AIADMK_NDA,PMK,AIADMK_NDA,DMK,DMK_ALLIANCE,0,0,0,0.0,0.0,0.385878,0.486337,0.087884,0.026271,0.013631,AIADMK_NDA,0.100459
60,Pappireddippatti,Dharmapuri,North,GEN,0,AIADMK,AIADMK_NDA,PMK,AIADMK_NDA,AIADMK,AIADMK_NDA,IND,DMK_ALLIANCE,0,0,0,0.0,0.0,0.379807,0.455518,0.07857,0.0507,0.035406,AIADMK_NDA,0.075711
61,Harur,Dharmapuri,North,SC,1,AIADMK,AIADMK_NDA,DMK,DMK_ALLIANCE,AIADMK,AIADMK_NDA,CPI(M),DMK_ALLIANCE,0,0,0,0.0,0.0,0.364467,0.442715,0.075965,0.045921,0.070933,AIADMK_NDA,0.078248
62,Chengam,Tiruvannamalai,North,SC,1,DMK,DMK_ALLIANCE,AIADMK,AIADMK_NDA,DMK,DMK_ALLIANCE,AIADMK,AIADMK_NDA,0,0,0,0.0,0.0,0.481611,0.347143,0.092385,0.036319,0.042541,DMK_ALLIANCE,0.134468
63,Tiruvannamalai,Tiruvannamalai,North,GEN,0,DMK,DMK_ALLIANCE,AIADMK,AIADMK_NDA,DMK,DMK_ALLIANCE,BJP,AIADMK_NDA,0,0,0,0.0,0.0,0.450754,0.363234,0.096822,0.041948,0.047242,DMK_ALLIANCE,0.08752
64,Kilpennathur,Tiruvannamalai,North,GEN,0,DMK,DMK_ALLIANCE,AIADMK,AIADMK_NDA,DMK,DMK_ALLIANCE,PMK,AIADMK_NDA,0,0,0,0.0,0.0,0.461411,0.338834,0.075177,0.06828,0.056298,DMK_ALLIANCE,0.122577
65,Kalasapakkam,Tiruvannamalai,North,GEN,0,AIADMK,AIADMK_NDA,INC,DMK_ALLIANCE,DMK,DMK_ALLIANCE,AIADMK,AIADMK_NDA,0,0,0,0.0,0.0,0.434515,0.381971,0.097855,0.038221,0.047439,DMK_ALLIANCE,0.052544
66,Polur,Tiruvannamalai,North,GEN,0,DMK,DMK_ALLIANCE,AIADMK,AIADMK_NDA,AIADMK,AIADMK_NDA,DMK,DMK_ALLIANCE,0,0,0,0.0,0.0,0.356816,0.457429,0.097906,0.055879,0.031969,AIADMK_NDA,0.100613
67,Arani,Tiruvannamalai,North,GEN,0,AIADMK,AIADMK_NDA,DMK,DMK_ALLIANCE,AIADMK,AIADMK_NDA,DMK,DMK_ALLIANCE,0,0,0,0.0,0.0,0.344714,0.463817,0.090184,0.065976,0.035308,AIADMK_NDA,0.119103
68,Cheyyar,Tiruvannamalai,North,GEN,0,AIADMK,AIADMK_NDA,INC,DMK_ALLIANCE,DMK,DMK_ALLIANCE,AIADMK,AIADMK_NDA,0,0,0,0.0,0.0,0.476376,0.353131,0.081074,0.040849,0.04857,DMK_ALLIANCE,0.123245
69,Vandavasi,Tiruvannamalai,North,SC,1,DMK,DMK_ALLIANCE,AIADMK,AIADMK_NDA,DMK,DMK_ALLIANCE,PMK,AIADMK_NDA,0,0,0,0.0,0.0,0.523553,0.335619,0.089408,0.025041,0.026378,DMK_ALLIANCE,0.187934
70,Gingee,Viluppuram,North,GEN,0,DMK,DMK_ALLIANCE,AIADMK,AIADMK_NDA,DMK,DMK_ALLIANCE,PMK,AIADMK_NDA,0,0,0,0.0,0.0,0.451074,0.360421,0.079962,0.057097,0.051447,DMK_ALLIANCE,0.090653
71,Mailam,Viluppuram,North,GEN,0,DMK,DMK_ALLIANCE,AIADMK,AIADMK_NDA,PMK,AIADMK_NDA,DMK,DMK_ALLIANCE,0,0,0,0.0,0.0,0.392878,0.452591,0.090286,0.036625,0.027619,AIADMK_NDA,0.059713
72,Tindivanam,Viluppuram,North,SC,1,DMK,DMK_ALLIANCE,AIADMK,AIADMK_NDA,AIADMK,AIADMK_NDA,DMK,DMK_ALLIANCE,0,0,0,0.0,0.0,0.375098,0.448879,0.101169,0.048908,0.025947,AIADMK_NDA,0.073781
73,Vanur,Viluppuram,North,SC,1,AIADMK,AIADMK_NDA,DMK,DMK_ALLIANCE,AIADMK,AIADMK_NDA,VCK,DMK_ALLIANCE,0,0,0,0.0,0.0,0.379016,0.458442,0.099188,0.027279,0.036075,AIADMK_NDA,0.079426
74,Viluppuram,Viluppuram,North,GEN,0,AIADMK,AIADMK_NDA,IUML,OTHERS,DMK,DMK_ALLIANCE,AIADMK,AIADMK_NDA,0,0,0,0.0,0.0,0.427716,0.37204,0.110546,0.043031,0.046667,DMK_ALLIANCE,0.055676
75,Vikravandi,Viluppuram,North,GEN,0,DMK,DMK_ALLIANCE,AIADMK,AIADMK_NDA,DMK,DMK_ALLIANCE,AIADMK,AIADMK_NDA,0,0,0,0.0,0.0,0.443054,0.371739,0.123805,0.030819,0.030584,DMK_ALLIANCE,0.071315
76,Tirukkoyilur,Viluppuram,North,GEN,0,DMK,DMK_ALLIANCE,AIADMK,AIADMK_NDA,DMK,DMK_ALLIANCE,BJP,AIADMK_NDA,0,0,0,0.0,0.0,0.468029,0.392671,0.072607,0.029713,0.036979,DMK_ALLIANCE,0.075358
77,Ulundurpettai,Kallakurichi,North,GEN,0,AIADMK,AIADMK_NDA,DMK,DMK_ALLIANCE,DMK,DMK_ALLIANCE,AIADMK,AIADMK_NDA,0,0,0,0.0,0.0,0.438117,0.373246,0.088038,0.06662,0.033979,DMK_ALLIANCE,0.064871
78,Rishivandiyam,Kallakurichi,North,GEN,0,DMK,DMK_ALLIANCE,AIADMK,AIADMK_NDA,DMK,DMK_ALLIANCE,AIADMK,AIADMK_NDA,0,0,0,0.0,0.0,0.472364,0.342952,0.104633,0.033389,0.046662,DMK_ALLIANCE,0.129412
79,Sankarapuram,Kallakurichi,North,GEN,0,DMK,DMK_ALLIANCE,AIADMK,AIADMK_NDA,DMK,DMK_ALLIANCE,PMK,AIADMK_NDA,0,0,0,0.0,0.0,0.434553,0.367091,0.097485,0.038374,0.062497,DMK_ALLIANCE,0.067462
80,Kallakurichi,Kallakurichi,North,SC,1,AIADMK,AIADMK_NDA,DMK,DMK_ALLIANCE,AIADMK,AIADMK_NDA,INC,DMK_ALLIANCE,0,0,0,0.0,0.0,0.370377,0.446334,0.086616,0.041261,0.055412,AIADMK_NDA,0.075957
81,Gangavalli,Salem,West,SC,1,AIADMK,AIADMK_NDA,DMK,DMK_ALLIANCE,AIADMK,AIADMK_NDA,DMK,DMK_ALLIANCE,0,0,0,0.0,0.0,0.416843,0.445191,0.078835,0.025123,0.034008,AIADMK_NDA,0.028348
82,Attur,Salem,West,SC,1,AIADMK,AIADMK_NDA,INC,DMK_ALLIANCE,AIADMK,AIADMK_NDA,DMK,DMK_ALLIANCE,0,0,0,0.0,0.0,0.375674,0.415944,0.112456,0.056727,0.039199,AIADMK_NDA,0.04027
83,Yercaud,Salem,West,ST,1,AIADMK,AIADMK_NDA,DMK,DMK_ALLIANCE,AIADMK,AIADMK_NDA,DMK,DMK_ALLIANCE,0,0,0,0.0,0.0,0.355655,0.452581,0.100597,0.055624,0.035542,AIADMK_NDA,0.096926
84,Omalur,Salem,West,GEN,0,AIADMK,AIADMK_NDA,DMK,DMK_ALLIANCE,AIADMK,AIADMK_NDA,INC,DMK_ALLIANCE,0,0,0,0.0,0.0,0.363251,0.444453,0.107353,0.046086,0.038858,AIADMK_NDA,0.081202
85,Mettur,Salem,West,GEN,0,AIADMK,AIADMK_NDA,DMK,DMK_ALLIANCE,PMK,AIADMK_NDA,DMK,DMK_ALLIANCE,0,0,0,0.0,0.0,0.373751,0.480878,0.085543,0.006904,0.052923,AIADMK_NDA,0.107127
86,Edappadi,Salem,West,GEN,0,AIADMK,AIADMK_NDA,PMK,AIADMK_NDA,AIADMK,AIADMK_NDA,DMK,DMK_ALLIANCE,0,0,0,0.0,0.0,0.368204,0.453533,0.087797,0.04145,0.049017,AIADMK_NDA,0.085329
87,Sankari,Salem,West,GEN,0,AIADMK,AIADMK_NDA,INC,DMK_ALLIANCE,AIADMK,AIADMK_NDA,DMK,DMK_ALLIANCE,0,0,0,0.0,0.0,0.352391,0.439533,0.11252,0.036643,0.058913,AIADMK_NDA,0.087142
88,Salem West,Salem,West,GEN,0,AIADMK,AIADMK_NDA,DMK,DMK_ALLIANCE,PMK,AIADMK_NDA,DMK,DMK_ALLIANCE,0,0,0,0.0,0.0,0.350738,0.447407,0.115286,0.049805,0.036764,AIADMK_NDA,0.096669
89,Salem North,Salem,West,GEN,0,DMK,DMK_ALLIANCE,AIADMK,AIADMK_NDA,DMK,DMK_ALLIANCE,AIADMK,AIADMK_NDA,0,0,0,0.0,0.0,0.50425,0.362148,0.101817,0.019849,0.011937,DMK_ALLIANCE,0.142102
90,Salem South,Salem,West,GEN,0,AIADMK,AIADMK_NDA,DMK,DMK_ALLIANCE,AIADMK,AIADMK_NDA,DMK,DMK_ALLIANCE,0,0,0,0.0,0.0,0.372717,0.451204,0.090064,0.028211,0.057803,AIADMK_NDA,0.078487
91,Veerapandi,Salem,West,GEN,0,AIADMK,AIADMK_NDA,DMK,DMK_ALLIANCE,AIADMK,AIADMK_NDA,DMK,DMK_ALLIANCE,0,0,0,0.0,0.0,0.357877,0.468525,0.105326,0.039182,0.02909,AIADMK_NDA,0.110648
92,Rasipuram,Namakkal,West,SC,1,AIADMK,AIADMK_NDA,DMK,DMK_ALLIANCE,DMK,DMK_ALLIANCE,AIADMK,AIADMK_NDA,0,0,0,0.0,0.0,0.358984,0.135427,0.462766,0.027317,0.015507,TVK,0.103782
93,Senthamangalam,Namakkal,West,ST,1,AIADMK,AIADMK_NDA,DMK,DMK_ALLIANCE,DMK,DMK_ALLIANCE,AIADMK,AIADMK_NDA,0,0,0,0.0,0.0,0.4898,0.358368,0.116474,0.013288,0.02207,DMK_ALLIANCE,0.131432
94,Namakkal,Namakkal,West,GEN,0,AIADMK,AIADMK_NDA,INC,DMK_ALLIANCE,DMK,DMK_ALLIANCE,AIADMK,AIADMK_NDA,0,0,0,0.0,0.0,0.439501,0.361765,0.105477,0.039407,0.05385,DMK_ALLIANCE,0.077736
95,Paramathi-Velur,Namakkal,West,GEN,0,DMK,DMK_ALLIANCE,AIADMK,AIADMK_NDA,AIADMK,AIADMK_NDA,DMK,DMK_ALLIANCE,0,0,0,0.0,0.0,0.381687,0.44975,0.080189,0.031028,0.057347,AIADMK_NDA,0.068063
96,Tiruchengodu,Namakkal,West,GEN,0,AIADMK,AIADMK_NDA,DMK,DMK_ALLIANCE,DMK,DMK_ALLIANCE,AIADMK,AIADMK_NDA,0,0,0,0.0,0.0,0.441838,0.368135,0.101959,0.015126,0.072942,DMK_ALLIANCE,0.073703
97,Kumarapalayam,Namakkal,West,GEN,0,AIADMK,AIADMK_NDA,DMK,DMK_ALLIANCE,AIADMK,AIADMK_NDA,DMK,DMK_ALLIANCE,0,0,0,0.0,0.0,0.354361,0.444979,0.106153,0.044546,0.04996,AIADMK_NDA,0.090618
98,Erode East,Erode,West,GEN,0,AIADMK,AIADMK_NDA,DMK,DMK_ALLIANCE,INC,DMK_ALLIANCE,AIADMK,AIADMK_NDA,0,0,0,0.0,0.0,0.439861,0.3783,0.100756,0.011659,0.069425,DMK_ALLIANCE,0.061561
99,Erode West,Erode,West,GEN,0,AIADMK,AIADMK_NDA,DMK,DMK_ALLIANCE,DMK,DMK_ALLIANCE,AIADMK,AIADMK_NDA,0,0,0,0.0,0.0,0.46689,0.362921,0.107521,0.013817,0.048851,DMK_ALLIANCE,0.103969
100,Modakkurichi,Erode,West,GEN,0,AIADMK,AIADMK_NDA,DMK,DMK_ALLIANCE,BJP,AIADMK_NDA,DMK,DMK_ALLIANCE,0,0,0,0.0,0.0,0.270965,0.35249,0.105525,0.032763,0.238257,AIADMK_NDA,0.081525
101,Dharapuram,Tiruppur,West,SC,1,INC,DMK_ALLIANCE,AIADMK,AIADMK_NDA,DMK,DMK_ALLIANCE,BJP,AIADMK_NDA,0,0,0,0.0,0.0,0.479877,0.352318,0.118076,0.036473,0.013255,DMK_ALLIANCE,0.127559
102,Kangayam,Tiruppur,West,GEN,0,AIADMK,AIADMK_NDA,INC,DMK_ALLIANCE,DMK,DMK_ALLIANCE,AIADMK,AIADMK_NDA,0,0,0,0.0,0.0,0.336877,0.134916,0.488182,0.034162,0.005863,TVK,0.151305
103,Perundurai,Erode,West,GEN,0,AIADMK,AIADMK_NDA,DMK,DMK_ALLIANCE,AIADMK,AIADMK_NDA,DMK,DMK_ALLIANCE,0,0,0,0.0,0.0,0.354486,0.46949,0.11205,0.027315,0.036659,AIADMK_NDA,0.115004
104,Bhavani,Erode,West,GEN,0,AIADMK,AIADMK_NDA,DMK,DMK_ALLIANCE,AIADMK,AIADMK_NDA,DMK,DMK_ALLIANCE,0,0,0,0.0,0.0,0.369491,0.45887,0.110179,0.033528,0.027933,AIADMK_NDA,0.089379
105,Anthiyur,Erode,West,GEN,0,AIADMK,AIADMK_NDA,DMK,DMK_ALLIANCE,DMK,DMK_ALLIANCE,AIADMK,AIADMK_NDA,0,0,0,0.0,0.0,0.489862,0.375161,0.081352,0.006297,0.047328,DMK_ALLIANCE,0.114701
106,Gobichettipalayam,Erode,West,GEN,0,AIADMK,AIADMK_NDA,INC,DMK_ALLIANCE,AIADMK,AIADMK_NDA,DMK,DMK_ALLIANCE,0,0,0,0.0,0.0,0.334214,0.480549,0.131753,0.013894,0.039591,AIADMK_NDA,0.146335
107,Bhavanisagar,Erode,West,SC,1,AIADMK,AIADMK_NDA,DMK,DMK_ALLIANCE,AIADMK,AIADMK_NDA,CPI,DMK_ALLIANCE,0,0,0,0.0,0.0,0.373137,0.44389,0.09448,0.052599,0.035893,AIADMK_NDA,0.070753
108,Udhagamandalam,The Nilgiris,West,GEN,0,INC,DMK_ALLIANCE,AIADMK,AIADMK_NDA,INC,DMK_ALLIANCE,BJP,AIADMK_NDA,0,0,0,0.0,0.0,0.43038,0.386678,0.110718,0.018243,0.053981,DMK_ALLIANCE,0.043702
109,Gudalur,The Nilgiris,West,SC,1,DMK,DMK_ALLIANCE,AIADMK,AIADMK_NDA,AIADMK,AIADMK_NDA,DMK,DMK_ALLIANCE,0,0,0,0.0,0.0,0.373355,0.44557,0.104301,0.033591,0.043184,AIADMK_NDA,0.072215
110,Coonoor,The Nilgiris,West,GEN,0,AIADMK,AIADMK_NDA,DMK,DMK_ALLIANCE,DMK,DMK_ALLIANCE,AIADMK,AIADMK_NDA,0,0,0,0.0,0.0,0.441132,0.373126,0.109135,0.02,0.056607,DMK_ALLIANCE,0.068006
111,Mettuppalayam,Coimbatore,West,GEN,0,AIADMK,AIADMK_NDA,DMK,DMK_ALLIANCE,AIADMK,AIADMK_NDA,DMK,DMK_ALLIANCE,0,0,0,0.0,0.0,0.36068,0.463777,0.091424,0.039538,0.044581,AIADMK_NDA,0.103097
112,Avanashi,Tiruppur,West,SC,1,AIADMK,AIADMK_NDA,DMK,DMK_ALLIANCE,AIADMK,AIADMK_NDA,DMK,DMK_ALLIANCE,0,0,0,0.0,0.0,0.371218,0.441889,0.1041,0.032167,0.050625,AIADMK_NDA,0.070671
113,Tiruppur North,Tiruppur,West,GEN,0,AIADMK,AIADMK_NDA,DMK,DMK_ALLIANCE,AIADMK,AIADMK_NDA,CPI,DMK_ALLIANCE,0,0,0,0.0,0.0,0.377525,0.493217,0.102845,0.006062,0.020351,AIADMK_NDA,0.115692
114,Tiruppur South,Tiruppur,West,GEN,0,AIADMK,AIADMK_NDA,DMK,DMK_ALLIANCE,DMK,DMK_ALLIANCE,AIADMK,AIADMK_NDA,0,0,0,0.0,0.0,0.459027,0.366752,0.122118,0.020102,0.032002,DMK_ALLIANCE,0.092275
115,Palladam,Tiruppur,West,GEN,0,AIADMK,AIADMK_NDA,DMK,DMK_ALLIANCE,AIADMK,AIADMK_NDA,DMK,DMK_ALLIANCE,0,0,0,0.0,0.0,0.348217,0.439398,0.122847,0.01975,0.069789,AIADMK_NDA,0.091181
116,Sulur,Coimbatore,West,GEN,0,AIADMK,AIADMK_NDA,INC,DMK_ALLIANCE,AIADMK,AIADMK_NDA,DMK,DMK_ALLIANCE,0,0,0,0.0,0.0,0.353697,0.45902,0.113624,0.037969,0.035691,AIADMK_NDA,0.105323
117,Kavundampalayam,Coimbatore,West,GEN,0,AIADMK,AIADMK_NDA,DMK,DMK_ALLIANCE,AIADMK,AIADMK_NDA,DMK,DMK_ALLIANCE,0,0,0,0.0,0.0,0.353077,0.47443,0.126721,0.005957,0.039815,AIADMK_NDA,0.121353
118,Coimbatore North,Coimbatore,West,GEN,0,AIADMK,AIADMK_NDA,DMK,DMK_ALLIANCE,AIADMK,AIADMK_NDA,DMK,DMK_ALLIANCE,0,0,0,0.0,0.0,0.350524,0.474879,0.100792,0.034336,0.039469,AIADMK_NDA,0.124355
119,Thondamuthur,Coimbatore,West,GEN,0,AIADMK,AIADMK_NDA,DMK,DMK_ALLIANCE,AIADMK,AIADMK_NDA,DMK,DMK_ALLIANCE,0,0,0,0.0,0.0,0.364655,0.466309,0.106166,0.036336,0.026534,AIADMK_NDA,0.101654
120,Coimbatore South,Coimbatore,West,GEN,0,AIADMK,AIADMK_NDA,INC,DMK_ALLIANCE,BJP,AIADMK_NDA,MNM,OTHERS,0,0,0,0.0,0.0,0.043868,0.441413,0.105162,0.043214,0.366342,AIADMK_NDA,0.075071
121,Singanallur,Coimbatore,West,GEN,0,DMK,DMK_ALLIANCE,AIADMK,AIADMK_NDA,AIADMK,AIADMK_NDA,DMK,DMK_ALLIANCE,0,0,0,0.0,0.0,0.389033,0.433316,0.086295,0.037872,0.053485,AIADMK_NDA,0.044283
122,Kinathukadavu,Coimbatore,West,GEN,0,AIADMK,AIADMK_NDA,DMK,DMK_ALLIANCE,AIADMK,AIADMK_NDA,DMK,DMK_ALLIANCE,0,0,0,0.0,0.0,0.336646,0.466659,0.100267,0.033316,0.063112,AIADMK_NDA,0.130013
123,Pollachi,Coimbatore,West,GEN,0,AIADMK,AIADMK_NDA,DMK,DMK_ALLIANCE,AIADMK,AIADMK_NDA,DMK,DMK_ALLIANCE,0,0,0,0.0,0.0,0.368545,0.450047,0.104195,0.01929,0.057923,AIADMK_NDA,0.081502
124,Valparai,Coimbatore,West,SC,1,AIADMK,AIADMK_NDA,DMK,DMK_ALLIANCE,AIADMK,AIADMK_NDA,CPI,DMK_ALLIANCE,0,0,0,0.0,0.0,0.382292,0.457775,0.091735,0.014702,0.053496,AIADMK_NDA,0.075483
125,Udumalaipettai,Tiruppur,West,GEN,0,AIADMK,AIADMK_NDA,DMK,DMK_ALLIANCE,AIADMK,AIADMK_NDA,INC,DMK_ALLIANCE,0,0,0,0.0,0.0,0.366517,0.436693,0.108452,0.039552,0.048787,AIADMK_NDA,0.070176
126,Madathukulam,Tiruppur,West,GEN,0,DMK,DMK_ALLIANCE,AIADMK,AIADMK_NDA,AIADMK,AIADMK_NDA,DMK,DMK_ALLIANCE,0,0,0,0.0,0.0,0.341001,0.432658,0.112571,0.047912,0.065858,AIADMK_NDA,0.091657
127,Palani,Dindigul,Central,GEN,0,DMK,DMK_ALLIANCE,AIADMK,AIADMK_NDA,DMK,DMK_ALLIANCE,AIADMK,AIADMK_NDA,0,0,0,0.0,0.0,0.471741,0.374559,0.059606,0.046101,0.047992,DMK_ALLIANCE,0.097182
128,Oddanchatram,Dindigul,Central,GEN,0,DMK,DMK_ALLIANCE,AIADMK,AIADMK_NDA,DMK,DMK_ALLIANCE,AIADMK,AIADMK_NDA,0,0,0,0.0,0.0,0.463645,0.379643,0.06745,0.029636,0.059625,DMK_ALLIANCE,0.084002
129,Athoor,Dindigul,Central,GEN,0,DMK,DMK_ALLIANCE,AIADMK,AIADMK_NDA,DMK,DMK_ALLIANCE,PMK,AIADMK_NDA,0,0,0,0.0,0.0,0.495034,0.381415,0.047194,0.02236,0.053997,DMK_ALLIANCE,0.113619
130,Nilakkottai,Dindigul,Central,SC,1,AIADMK,AIADMK_NDA,DMK,DMK_ALLIANCE,AIADMK,AIADMK_NDA,DMK,DMK_ALLIANCE,0,0,0,0.0,0.0,0.404617,0.471406,0.06531,0.04447,0.014196,AIADMK_NDA,0.066789
131,Natham,Dindigul,Central,GEN,0,DMK,DMK_ALLIANCE,AIADMK,AIADMK_NDA,AIADMK,AIADMK_NDA,DMK,DMK_ALLIANCE,0,0,0,0.0,0.0,0.369808,0.477361,0.07388,0.037294,0.041657,AIADMK_NDA,0.107553
132,Dindigul,Dindigul,Central,GEN,0,AIADMK,AIADMK_NDA,DMK,DMK_ALLIANCE,AIADMK,AIADMK_NDA,CPI(M),DMK_ALLIANCE,0,0,0,0.0,0.0,0.388704,0.461442,0.069545,0.04444,0.035869,AIADMK_NDA,0.072738
133,Vedasandur,Dindigul,Central,GEN,0,AIADMK,AIADMK_NDA,INC,DMK_ALLIANCE,DMK,DMK_ALLIANCE,AIADMK,AIADMK_NDA,0,0,0,0.0,0.0,0.479499,0.384169,0.053571,0.044915,0.037846,DMK_ALLIANCE,0.09533
134,Aravakurichi,Karur,Central,GEN,0,AIADMK,AIADMK_NDA,DMK,DMK_ALLIANCE,DMK,DMK_ALLIANCE,BJP,AIADMK_NDA,0,0,0,0.0,0.0,0.456197,0.40114,0.038151,0.054327,0.050186,DMK_ALLIANCE,0.055057
135,Karur,Karur,Central,GEN,0,AIADMK,AIADMK_NDA,INC,DMK_ALLIANCE,DMK,DMK_ALLIANCE,AIADMK,AIADMK_NDA,0,0,0,0.0,0.0,0.461866,0.395523,0.051785,0.050697,0.040128,DMK_ALLIANCE,0.066343
136,Krishnarayapuram,Karur,Central,SC,1,AIADMK,AIADMK_NDA,IND,OTHERS,DMK,DMK_ALLIANCE,AIADMK,AIADMK_NDA,0,0,0,0.0,0.0,0.387553,0.172681,0.401363,0.032448,0.005954,TVK,0.01381
137,Kulithalai,Karur,Central,GEN,0,DMK,DMK_ALLIANCE,AIADMK,AIADMK_NDA,DMK,DMK_ALLIANCE,AIADMK,AIADMK_NDA,0,0,0,0.0,0.0,0.486787,0.355055,0.075636,0.037046,0.045476,DMK_ALLIANCE,0.131732
138,Manapparai,Tiruchirappalli,Central,GEN,0,AIADMK,AIADMK_NDA,IUML,OTHERS,DMK,DMK_ALLIANCE,AIADMK,AIADMK_NDA,0,0,0,0.0,0.0,0.487613,0.378456,0.038952,0.046825,0.048154,DMK_ALLIANCE,0.109157
139,Srirangam,Tiruchirappalli,Central,GEN,0,AIADMK,AIADMK_NDA,DMK,DMK_ALLIANCE,DMK,DMK_ALLIANCE,AIADMK,AIADMK_NDA,0,0,0,0.0,0.0,0.457007,0.358601,0.073736,0.055774,0.054882,DMK_ALLIANCE,0.098406
140,Tiruchirappalli West,Tiruchirappalli,Central,GEN,0,DMK,DMK_ALLIANCE,AIADMK,AIADMK_NDA,DMK,DMK_ALLIANCE,AIADMK,AIADMK_NDA,0,0,0,0.0,0.0,0.472558,0.38356,0.065406,0.019577,0.058899,DMK_ALLIANCE,0.088998
141,Tiruchirappalli East,Tiruchirappalli,Central,GEN,0,AIADMK,AIADMK_NDA,INC,DMK_ALLIANCE,DMK,DMK_ALLIANCE,AIADMK,AIADMK_NDA,0,0,0,0.0,0.0,0.480219,0.399719,0.054877,0.018989,0.046197,DMK_ALLIANCE,0.0805
142,Thiruverumbur,Tiruchirappalli,Central,GEN,0,DMK,DMK_ALLIANCE,AIADMK,AIADMK_NDA,DMK,DMK_ALLIANCE,AIADMK,AIADMK_NDA,0,0,0,0.0,0.0,0.471311,0.390365,0.045551,0.042287,0.050488,DMK_ALLIANCE,0.080946
143,Lalgudi,Tiruchirappalli,Central,GEN,0,DMK,DMK_ALLIANCE,AIADMK,AIADMK_NDA,DMK,DMK_ALLIANCE,AIADMK,AIADMK_NDA,0,0,0,0.0,0.0,0.475302,0.413041,0.058641,0.03252,0.020496,DMK_ALLIANCE,0.062261
144,Manachanallur,Tiruchirappalli,Central,GEN,0,AIADMK,AIADMK_NDA,DMK,DMK_ALLIANCE,DMK,DMK_ALLIANCE,AIADMK,AIADMK_NDA,0,0,0,0.0,0.0,0.474863,0.366419,0.074812,0.035131,0.048776,DMK_ALLIANCE,0.108444
145,Musiri,Tiruchirappalli,Central,GEN,0,AIADMK,AIADMK_NDA,INC,DMK_ALLIANCE,DMK,DMK_ALLIANCE,AIADMK,AIADMK_NDA,0,0,0,0.0,0.0,0.467465,0.37612,0.054773,0.03801,0.063632,DMK_ALLIANCE,0.091345
146,Thuraiyur,Tiruchirappalli,Central,SC,1,DMK,DMK_ALLIANCE,AIADMK,AIADMK_NDA,DMK,DMK_ALLIANCE,AIADMK,AIADMK_NDA,0,0,0,0.0,0.0,0.491716,0.36356,0.071083,0.038424,0.035217,DMK_ALLIANCE,0.128156
147,Perambalur,Perambalur,Central,SC,1,AIADMK,AIADMK_NDA,DMK,DMK_ALLIANCE,DMK,DMK_ALLIANCE,AIADMK,AIADMK_NDA,0,0,0,0.0,0.0,0.541643,0.355812,0.041447,0.019795,0.041303,DMK_ALLIANCE,0.185831
148,Kunnam,Perambalur,Central,GEN,0,AIADMK,AIADMK_NDA,DMK,DMK_ALLIANCE,DMK,DMK_ALLIANCE,AIADMK,AIADMK_NDA,0,0,0,0.0,0.0,0.443994,0.402278,0.08183,0.028631,0.043268,DMK_ALLIANCE,0.041716
149,Ariyalur,Ariyalur,Central,GEN,0,AIADMK,AIADMK_NDA,DMK,DMK_ALLIANCE,DMK,DMK_ALLIANCE,AIADMK,AIADMK_NDA,0,0,0,0.0,0.0,0.481164,0.399874,0.038295,0.025934,0.054732,DMK_ALLIANCE,0.08129
150,Jayankondam,Ariyalur,Central,GEN,0,AIADMK,AIADMK_NDA,PMK,AIADMK_NDA,DMK,DMK_ALLIANCE,PMK,AIADMK_NDA,0,0,0,0.0,0.0,0.489829,0.374683,0.068945,0.035759,0.030784,DMK_ALLIANCE,0.115146
151,Tittakudi,Cuddalore,Central,SC,1,DMK,DMK_ALLIANCE,AIADMK,AIADMK_NDA,DMK,DMK_ALLIANCE,BJP,AIADMK_NDA,0,0,0,0.0,0.0,0.468962,0.376993,0.070721,0.030662,0.052661,DMK_ALLIANCE,0.091969
152,Vriddhachalam,Cuddalore,Central,GEN,0,AIADMK,AIADMK_NDA,DMK,DMK_ALLIANCE,INC,DMK_ALLIANCE,PMK,AIADMK_NDA,0,0,0,0.0,0.0,0.475225,0.41715,0.045708,0.017314,0.044602,DMK_ALLIANCE,0.058075
153,Neyveli,Cuddalore,Central,GEN,0,DMK,DMK_ALLIANCE,AIADMK,AIADMK_NDA,DMK,DMK_ALLIANCE,PMK,AIADMK_NDA,0,0,0,0.0,0.0,0.461157,0.370555,0.046542,0.067703,0.054043,DMK_ALLIANCE,0.090602
154,Panruti,Cuddalore,Central,GEN,0,AIADMK,AIADMK_NDA,DMK,DMK_ALLIANCE,DMK,DMK_ALLIANCE,AIADMK,AIADMK_NDA,0,0,0,0.0,0.0,0.528868,0.393947,0.045336,0.011208,0.020641,DMK_ALLIANCE,0.134921
155,Cuddalore,Cuddalore,Central,GEN,0,AIADMK,AIADMK_NDA,DMK,DMK_ALLIANCE,DMK,DMK_ALLIANCE,AIADMK,AIADMK_NDA,0,0,0,0.0,0.0,0.476863,0.376886,0.06834,0.022081,0.055831,DMK_ALLIANCE,0.099977
156,Kurinjipadi,Cuddalore,Central,GEN,0,DMK,DMK_ALLIANCE,AIADMK,AIADMK_NDA,DMK,DMK_ALLIANCE,AIADMK,AIADMK_NDA,0,0,0,0.0,0.0,0.49641,0.386637,0.044691,0.01932,0.052942,DMK_ALLIANCE,0.109773
157,Bhuvanagiri,Cuddalore,Central,GEN,0,DMK,DMK_ALLIANCE,AIADMK,AIADMK_NDA,AIADMK,AIADMK_NDA,DMK,DMK_ALLIANCE,0,0,0,0.0,0.0,0.37217,0.464508,0.077742,0.051347,0.034233,AIADMK_NDA,0.092338
158,Chidambaram,Cuddalore,Central,GEN,0,AIADMK,AIADMK_NDA,DMK,DMK_ALLIANCE,AIADMK,AIADMK_NDA,IUML,DMK_ALLIANCE,0,0,0,0.0,0.0,0.40315,0.497127,0.035389,0.034931,0.029403,AIADMK_NDA,0.093977
159,Kattumannarkoil,Cuddalore,Central,SC,1,AIADMK,AIADMK_NDA,VCK,DMK_ALLIANCE,VCK,DMK_ALLIANCE,AIADMK,AIADMK_NDA,0,0,0,0.0,0.0,0.496798,0.362014,0.050578,0.046808,0.043802,DMK_ALLIANCE,0.134784
160,Sirkazhi,Mayiladuthurai,Central,SC,1,AIADMK,AIADMK_NDA,DMK,DMK_ALLIANCE,DMK,DMK_ALLIANCE,AIADMK,AIADMK_NDA,0,0,0,0.0,0.0,0.489695,0.380512,0.05272,0.034732,0.042341,DMK_ALLIANCE,0.109183
161,Mayiladuthurai,Mayiladuthurai,Central,GEN,0,AIADMK,AIADMK_NDA,DMK,DMK_ALLIANCE,INC,DMK_ALLIANCE,PMK,AIADMK_NDA,0,0,0,0.0,0.0,0.457938,0.384622,0.076003,0.028759,0.052678,DMK_ALLIANCE,0.073316
162,Poompuhar,Mayiladuthurai,Central,GEN,0,AIADMK,AIADMK_NDA,IUML,OTHERS,DMK,DMK_ALLIANCE,AIADMK,AIADMK_NDA,0,0,0,0.0,0.0,0.490339,0.383209,0.055534,0.051948,0.018969,DMK_ALLIANCE,0.10713
163,Nagapattinam,Nagapattinam,Central,GEN,0,AIADMK,AIADMK_NDA,DMK,DMK_ALLIANCE,VCK,DMK_ALLIANCE,AIADMK,AIADMK_NDA,0,0,0,0.0,0.0,0.263625,0.18319,0.089515,0.048226,0.415444,OTHERS,0.151819
164,Kilvelur,Nagapattinam,Central,SC,1,DMK,DMK_ALLIANCE,AIADMK,AIADMK_NDA,CPI(M),DMK_ALLIANCE,PMK,AIADMK_NDA,0,0,0,0.0,0.0,0.510582,0.395642,0.038115,0.027046,0.028615,DMK_ALLIANCE,0.11494
165,Vedaranyam,Nagapattinam,Central,GEN,0,AIADMK,AIADMK_NDA,INC,DMK_ALLIANCE,AIADMK,AIADMK_NDA,DMK,DMK_ALLIANCE,0,0,0,0.0,0.0,0.364081,0.512733,0.073846,0.033751,0.015588,AIADMK_NDA,0.148652
166,Thiruthuraipoondi,Thiruvarur,Central,SC,1,DMK,DMK_ALLIANCE,AIADMK,AIADMK_NDA,CPI,DMK_ALLIANCE,AIADMK,AIADMK_NDA,0,0,0,0.0,0.0,0.492286,0.358996,0.071759,0.026342,0.050618,DMK_ALLIANCE,0.13329
167,Mannargudi,Thiruvarur,Central,GEN,0,DMK,DMK_ALLIANCE,AIADMK,AIADMK_NDA,DMK,DMK_ALLIANCE,AIADMK,AIADMK_NDA,0,0,0,0.0,0.0,0.48673,0.367699,0.077556,0.025183,0.042833,DMK_ALLIANCE,0.119031
168,Thiruvarur,Thiruvarur,Central,GEN,0,DMK,DMK_ALLIANCE,AIADMK,AIADMK_NDA,DMK,DMK_ALLIANCE,AIADMK,AIADMK_NDA,0,0,0,0.0,0.0,0.484562,0.384915,0.03651,0.033655,0.060357,DMK_ALLIANCE,0.099647
169,Nannilam,Thiruvarur,Central,GEN,0,AIADMK,AIADMK_NDA,INC,DMK_ALLIANCE,AIADMK,AIADMK_NDA,DMK,DMK_ALLIANCE,0,0,0,0.0,0.0,0.364853,0.45765,0.081204,0.040002,0.05629,AIADMK_NDA,0.092797
170,Thiruvidaimarudur,Thanjavur,Central,SC,1,DMK,DMK_ALLIANCE,AIADMK,AIADMK_NDA,DMK,DMK_ALLIANCE,AIADMK,AIADMK_NDA,0,0,0,0.0,0.0,0.485187,0.368474,0.050633,0.020415,0.075291,DMK_ALLIANCE,0.116713
171,Kumbakonam,Thanjavur,Central,GEN,0,DMK,DMK_ALLIANCE,AIADMK,AIADMK_NDA,DMK,DMK_ALLIANCE,AIADMK,AIADMK_NDA,0,0,0,0.0,0.0,0.476252,0.382762,0.067969,0.017364,0.055652,DMK_ALLIANCE,0.09349
172,Papanasam,Thanjavur,Central,GEN,0,AIADMK,AIADMK_NDA,INC,DMK_ALLIANCE,DMK,DMK_ALLIANCE,AIADMK,AIADMK_NDA,0,0,0,0.0,0.0,0.469816,0.379919,0.056152,0.030456,0.063657,DMK_ALLIANCE,0.089897
173,Thiruvaiyaru,Thanjavur,Central,GEN,0,DMK,DMK_ALLIANCE,AIADMK,AIADMK_NDA,DMK,DMK_ALLIANCE,BJP,AIADMK_NDA,0,0,0,0.0,0.0,0.45995,0.352357,0.075177,0.051241,0.061274,DMK_ALLIANCE,0.107593
174,Thanjavur,Thanjavur,Central,GEN,0,AIADMK,AIADMK_NDA,DMK,DMK_ALLIANCE,DMK,DMK_ALLIANCE,AIADMK,AIADMK_NDA,0,0,0,0.0,0.0,0.453398,0.3849,0.064933,0.043794,0.052974,DMK_ALLIANCE,0.068498
175,Orathanadu,Thanjavur,Central,GEN,0,DMK,DMK_ALLIANCE,AIADMK,AIADMK_NDA,AIADMK,AIADMK_NDA,DMK,DMK_ALLIANCE,0,0,0,0.0,0.0,0.36528,0.507101,0.061067,0.011412,0.05514,AIADMK_NDA,0.141821
176,Pattukkottai,Thanjavur,Central,GEN,0,AIADMK,AIADMK_NDA,INC,DMK_ALLIANCE,DMK,DMK_ALLIANCE,IND,AIADMK_NDA,0,0,0,0.0,0.0,0.461025,0.373793,0.080488,0.027914,0.05678,DMK_ALLIANCE,0.087232
177,Peravurani,Thanjavur,Central,GEN,0,AIADMK,AIADMK_NDA,DMK,DMK_ALLIANCE,DMK,DMK_ALLIANCE,AIADMK,AIADMK_NDA,0,0,0,0.0,0.0,0.471264,0.391401,0.039296,0.052491,0.045547,DMK_ALLIANCE,0.079863
178,Gandharvakottai,Pudukkottai,Central,SC,1,AIADMK,AIADMK_NDA,DMK,DMK_ALLIANCE,CPI(M),DMK_ALLIANCE,AIADMK,AIADMK_NDA,0,0,0,0.0,0.0,0.485594,0.363454,0.066573,0.034419,0.049959,DMK_ALLIANCE,0.12214
179,Viralimalai,Pudukkottai,Central,GEN,0,AIADMK,AIADMK_NDA,DMK,DMK_ALLIANCE,AIADMK,AIADMK_NDA,DMK,DMK_ALLIANCE,0,0,0,0.0,0.0,0.37153,0.462226,0.043876,0.062603,0.059765,AIADMK_NDA,0.090696
180,Pudukkottai,Pudukkottai,Central,GEN,0,DMK,DMK_ALLIANCE,AIADMK,AIADMK_NDA,DMK,DMK_ALLIANCE,AIADMK,AIADMK_NDA,0,0,0,0.0,0.0,0.464195,0.383245,0.078237,0.037677,0.036646,DMK_ALLIANCE,0.08095
181,Thirumayam,Pudukkottai,Central,GEN,0,DMK,DMK_ALLIANCE,AIADMK,AIADMK_NDA,DMK,DMK_ALLIANCE,AIADMK,AIADMK_NDA,0,0,0,0.0,0.0,0.504631,0.395104,0.048068,0.024227,0.02797,DMK_ALLIANCE,0.109527
182,Alangudi,Pudukkottai,Central,GEN,0,DMK,DMK_ALLIANCE,AIADMK,AIADMK_NDA,DMK,DMK_ALLIANCE,AIADMK,AIADMK_NDA,0,0,0,0.0,0.0,0.452559,0.383042,0.079003,0.027423,0.057973,DMK_ALLIANCE,0.069517
183,Aranthangi,Pudukkottai,Central,GEN,0,AIADMK,AIADMK_NDA,INC,DMK_ALLIANCE,INC,DMK_ALLIANCE,AIADMK,AIADMK_NDA,0,0,0,0.0,0.0,0.455963,0.397154,0.077272,0.029824,0.039787,DMK_ALLIANCE,0.058809
184,Karaikudi,Sivaganga,South,GEN,0,INC,DMK_ALLIANCE,AIADMK,AIADMK_NDA,INC,DMK_ALLIANCE,BJP,AIADMK_NDA,0,0,0,0.0,0.0,0.440119,0.386777,0.043692,0.08211,0.047303,DMK_ALLIANCE,0.053342
185,Tiruppattur,Sivaganga,South,GEN,0,DMK,DMK_ALLIANCE,AIADMK,AIADMK_NDA,DMK,DMK_ALLIANCE,AIADMK,AIADMK_NDA,0,0,0,0.0,0.0,0.456971,0.372664,0.054002,0.067463,0.048899,DMK_ALLIANCE,0.084307
186,Sivaganga,Sivaganga,South,GEN,0,AIADMK,AIADMK_NDA,DMK,DMK_ALLIANCE,AIADMK,AIADMK_NDA,CPI,DMK_ALLIANCE,0,0,0,0.0,0.0,0.363328,0.498975,0.065806,0.055153,0.016738,AIADMK_NDA,0.135647
187,Manamadurai,Sivaganga,South,SC,1,AIADMK,AIADMK_NDA,DMK,DMK_ALLIANCE,DMK,DMK_ALLIANCE,AIADMK,AIADMK_NDA,0,0,0,0.0,0.0,0.457745,0.362651,0.070817,0.059024,0.049763,DMK_ALLIANCE,0.095094
188,Melur,Madurai,South,GEN,0,AIADMK,AIADMK_NDA,DMK,DMK_ALLIANCE,AIADMK,AIADMK_NDA,INC,DMK_ALLIANCE,0,0,0,0.0,0.0,0.366597,0.495618,0.028101,0.058463,0.051221,AIADMK_NDA,0.129021
189,Madurai East,Madurai,South,GEN,0,DMK,DMK_ALLIANCE,AIADMK,AIADMK_NDA,DMK,DMK_ALLIANCE,AIADMK,AIADMK_NDA,0,0,0,0.0,0.0,0.474079,0.39831,0.033288,0.060813,0.033511,DMK_ALLIANCE,0.075769
190,Sholavandan,Madurai,South,SC,1,AIADMK,AIADMK_NDA,DMK,DMK_ALLIANCE,DMK,DMK_ALLIANCE,AIADMK,AIADMK_NDA,0,0,0,0.0,0.0,0.466517,0.384352,0.051165,0.049414,0.048551,DMK_ALLIANCE,0.082165
191,Madurai North,Madurai,South,GEN,0,AIADMK,AIADMK_NDA,INC,DMK_ALLIANCE,DMK,DMK_ALLIANCE,BJP,AIADMK_NDA,0,0,0,0.0,0.0,0.470939,0.38724,0.055469,0.066389,0.019963,DMK_ALLIANCE,0.083699
192,Madurai South,Madurai,South,GEN,0,AIADMK,AIADMK_NDA,DMK,DMK_ALLIANCE,DMK,DMK_ALLIANCE,AIADMK,AIADMK_NDA,0,0,0,0.0,0.0,0.522136,0.408639,0.021397,0.037966,0.009862,DMK_ALLIANCE,0.113497
193,Madurai Central,Madurai,South,GEN,0,DMK,DMK_ALLIANCE,AIADMK,AIADMK_NDA,DMK,DMK_ALLIANCE,AIADMK,AIADMK_NDA,0,0,0,0.0,0.0,0.478024,0.398032,0.0446,0.022777,0.056567,DMK_ALLIANCE,0.079992
194,Madurai West,Madurai,South,GEN,0,AIADMK,AIADMK_NDA,DMK,DMK_ALLIANCE,AIADMK,AIADMK_NDA,DMK,DMK_ALLIANCE,0,0,0,0.0,0.0,0.362836,0.513714,0.034155,0.064734,0.024561,AIADMK_NDA,0.150878
195,Thiruparankundram,Madurai,South,GEN,0,AIADMK,AIADMK_NDA,DMK,DMK_ALLIANCE,AIADMK,AIADMK_NDA,CPI(M),DMK_ALLIANCE,0,0,0,0.0,0.0,0.374684,0.467036,0.044434,0.070384,0.043461,AIADMK_NDA,0.092352
196,Thirumangalam,Madurai,South,GEN,0,AIADMK,AIADMK_NDA,INC,DMK_ALLIANCE,AIADMK,AIADMK_NDA,DMK,DMK_ALLIANCE,0,0,0,0.0,0.0,0.395468,0.474482,0.03853,0.046789,0.044731,AIADMK_NDA,0.079014
197,Usilampatti,Madurai,South,GEN,0,AIADMK,AIADMK_NDA,DMK,DMK_ALLIANCE,AIADMK,AIADMK_NDA,DMK,DMK_ALLIANCE,0,0,0,0.0,0.0,0.378517,0.480978,0.044432,0.046808,0.049266,AIADMK_NDA,0.102461
198,Andipatti,Theni,South,GEN,0,AIADMK,AIADMK_NDA,DMK,DMK_ALLIANCE,DMK,DMK_ALLIANCE,AIADMK,AIADMK_NDA,0,0,0,0.0,0.0,0.474488,0.381304,0.051528,0.066038,0.026642,DMK_ALLIANCE,0.093184
199,Periyakulam,Theni,South,SC,1,AIADMK,AIADMK_NDA,DMK,DMK_ALLIANCE,DMK,DMK_ALLIANCE,AIADMK,AIADMK_NDA,0,0,0,0.0,0.0,0.495751,0.360595,0.030182,0.055081,0.058391,DMK_ALLIANCE,0.135156
200,Bodinayakanur,Theni,South,GEN,0,AIADMK,AIADMK_NDA,DMK,DMK_ALLIANCE,AIADMK,AIADMK_NDA,DMK,DMK_ALLIANCE,0,0,0,0.0,0.0,0.382861,0.499867,0.038392,0.052994,0.025886,AIADMK_NDA,0.117006
201,Cumbum,Theni,South,GEN,0,AIADMK,AIADMK_NDA,DMK,DMK_ALLIANCE,DMK,DMK_ALLIANCE,AIADMK,AIADMK_NDA,0,0,0,0.0,0.0,0.489113,0.38751,0.029065,0.054042,0.04027,DMK_ALLIANCE,0.101603
202,Rajapalayam,Virudhunagar,South,GEN,0,DMK,DMK_ALLIANCE,AIADMK,AIADMK_NDA,DMK,DMK_ALLIANCE,AIADMK,AIADMK_NDA,0,0,0,0.0,0.0,0.458184,0.396465,0.031401,0.05121,0.062741,DMK_ALLIANCE,0.061719
203,Srivilliputhur,Virudhunagar,South,SC,1,AIADMK,AIADMK_NDA,IND,OTHERS,AIADMK,AIADMK_NDA,INC,DMK_ALLIANCE,0,0,0,0.0,0.0,0.402207,0.46365,0.049026,0.049078,0.03604,AIADMK_NDA,0.061443
204,Sattur,Virudhunagar,South,GEN,0,AIADMK,AIADMK_NDA,DMK,DMK_ALLIANCE,DMK,DMK_ALLIANCE,IND,AIADMK_NDA,0,0,0,0.0,0.0,0.460798,0.369071,0.054139,0.093338,0.022653,DMK_ALLIANCE,0.091727
205,Sivakasi,Virudhunagar,South,GEN,0,AIADMK,AIADMK_NDA,INC,DMK_ALLIANCE,INC,DMK_ALLIANCE,AIADMK,AIADMK_NDA,0,0,0,0.0,0.0,0.446355,0.377407,0.06123,0.053538,0.061469,DMK_ALLIANCE,0.068948
206,Virudhunagar,Virudhunagar,South,GEN,0,DMK,DMK_ALLIANCE,AIADMK,AIADMK_NDA,DMK,DMK_ALLIANCE,BJP,AIADMK_NDA,0,0,0,0.0,0.0,0.487871,0.371439,0.036016,0.056069,0.048605,DMK_ALLIANCE,0.116432
207,Aruppukkottai,Virudhunagar,South,GEN,0,DMK,DMK_ALLIANCE,AIADMK,AIADMK_NDA,DMK,DMK_ALLIANCE,AIADMK,AIADMK_NDA,0,0,0,0.0,0.0,0.481837,0.385485,0.044619,0.032491,0.055567,DMK_ALLIANCE,0.096352
208,Tiruchuli,Virudhunagar,South,GEN,0,DMK,DMK_ALLIANCE,AIADMK,AIADMK_NDA,DMK,DMK_ALLIANCE,AIADMK,AIADMK_NDA,0,0,0,0.0,0.0,0.449095,0.388217,0.046073,0.070519,0.046096,DMK_ALLIANCE,0.060878
209,Paramakudi,Ramanathapuram,South,SC,1,AIADMK,AIADMK_NDA,DMK,DMK_ALLIANCE,DMK,DMK_ALLIANCE,AIADMK,AIADMK_NDA,0,0,0,0.0,0.0,0.50079,0.373946,0.044868,0.031625,0.04877,DMK_ALLIANCE,0.126844
210,Tiruvadanai,Ramanathapuram,South,GEN,0,AIADMK,AIADMK_NDA,DMK,DMK_ALLIANCE,INC,DMK_ALLIANCE,AIADMK,AIADMK_NDA,0,0,0,0.0,0.0,0.472584,0.34803,0.043363,0.074471,0.061552,DMK_ALLIANCE,0.124554
211,Ramanathapuram,Ramanathapuram,South,GEN,0,AIADMK,AIADMK_NDA,DMK,DMK_ALLIANCE,DMK,DMK_ALLIANCE,BJP,AIADMK_NDA,0,0,0,0.0,0.0,0.484257,0.385177,0.047455,0.03148,0.051631,DMK_ALLIANCE,0.09908
212,Mudhukulathur,Ramanathapuram,South,GEN,0,INC,DMK_ALLIANCE,AIADMK,AIADMK_NDA,DMK,DMK_ALLIANCE,AIADMK,AIADMK_NDA,0,0,0,0.0,0.0,0.488768,0.39601,0.037692,0.050154,0.027376,DMK_ALLIANCE,0.092758
213,Vilathikulam,Thoothukudi,South,GEN,0,AIADMK,AIADMK_NDA,DMK,DMK_ALLIANCE,DMK,DMK_ALLIANCE,AIADMK,AIADMK_NDA,0,0,0,0.0,0.0,0.46042,0.395857,0.039987,0.057197,0.046539,DMK_ALLIANCE,0.064563
214,Thoothukkudi,Thoothukudi,South,GEN,0,DMK,DMK_ALLIANCE,AIADMK,AIADMK_NDA,DMK,DMK_ALLIANCE,AIADMK,AIADMK_NDA,0,0,0,0.0,0.0,0.484517,0.380407,0.041552,0.037094,0.056431,DMK_ALLIANCE,0.10411
215,Tiruchendur,Thoothukudi,South,GEN,0,DMK,DMK_ALLIANCE,AIADMK,AIADMK_NDA,DMK,DMK_ALLIANCE,AIADMK,AIADMK_NDA,0,0,0,0.0,0.0,0.494932,0.388168,0.04256,0.058318,0.016021,DMK_ALLIANCE,0.106764
216,Srivaikuntam,Thoothukudi,South,GEN,0,AIADMK,AIADMK_NDA,INC,DMK_ALLIANCE,INC,DMK_ALLIANCE,AIADMK,AIADMK_NDA,0,0,0,0.0,0.0,0.482289,0.408996,0.046206,0.046201,0.016309,DMK_ALLIANCE,0.073293
217,Ottapidaram,Thoothukudi,South,SC,1,AIADMK,AIADMK_NDA,IND,OTHERS,DMK,DMK_ALLIANCE,AIADMK,AIADMK_NDA,0,0,0,0.0,0.0,0.498125,0.373529,0.040907,0.063532,0.023908,DMK_ALLIANCE,0.124596
218,Kovilpatti,Thoothukudi,South,GEN,0,AIADMK,AIADMK_NDA,DMK,DMK_ALLIANCE,AIADMK,AIADMK_NDA,AMMK,OTHERS,0,0,0,0.0,0.0,0.064284,0.476571,0.046954,0.038449,0.373742,AIADMK_NDA,0.102829
219,Sankarankovil,Tenkasi,South,SC,1,AIADMK,AIADMK_NDA,DMK,DMK_ALLIANCE,DMK,DMK_ALLIANCE,AIADMK,AIADMK_NDA,0,0,0,0.0,0.0,0.492749,0.376561,0.027412,0.046864,0.056413,DMK_ALLIANCE,0.116188
220,Vasudevanallur,Tenkasi,South,SC,1,AIADMK,AIADMK_NDA,IND,OTHERS,DMK,DMK_ALLIANCE,AIADMK,AIADMK_NDA,0,0,0,0.0,0.0,0.483021,0.365124,0.068062,0.060222,0.02357,DMK_ALLIANCE,0.117897
221,Kadayanallur,Tenkasi,South,GEN,0,IUML,OTHERS,AIADMK,AIADMK_NDA,AIADMK,AIADMK_NDA,IUML,DMK_ALLIANCE,0,0,0,0.0,0.0,0.382049,0.475173,0.060479,0.042581,0.039718,AIADMK_NDA,0.093124
222,Tenkasi,Tenkasi,South,GEN,0,AIADMK,AIADMK_NDA,INC,DMK_ALLIANCE,INC,DMK_ALLIANCE,AIADMK,AIADMK_NDA,0,0,0,0.0,0.0,0.452188,0.3885,0.075714,0.036759,0.046838,DMK_ALLIANCE,0.063688
223,Alangulam,Tenkasi,South,GEN,0,DMK,DMK_ALLIANCE,AIADMK,AIADMK_NDA,AIADMK,AIADMK_NDA,DMK,DMK_ALLIANCE,0,0,0,0.0,0.0,0.37283,0.480563,0.046947,0.037293,0.062367,AIADMK_NDA,0.107733
224,Tirunelveli,Tirunelveli,South,GEN,0,DMK,DMK_ALLIANCE,AIADMK,AIADMK_NDA,BJP,AIADMK_NDA,DMK,DMK_ALLIANCE,0,0,0,0.0,0.0,0.370989,0.47305,0.048456,0.034928,0.072577,AIADMK_NDA,0.102061
225,Ambasamudram,Tirunelveli,South,GEN,0,AIADMK,AIADMK_NDA,DMK,DMK_ALLIANCE,AIADMK,AIADMK_NDA,DMK,DMK_ALLIANCE,0,0,0,0.0,0.0,0.369291,0.452343,0.066595,0.063311,0.048461,AIADMK_NDA,0.083052
226,Palayamkottai,Tirunelveli,South,GEN,0,DMK,DMK_ALLIANCE,AIADMK,AIADMK_NDA,DMK,DMK_ALLIANCE,AIADMK,AIADMK_NDA,0,0,0,0.0,0.0,0.470249,0.388782,0.024059,0.055979,0.06093,DMK_ALLIANCE,0.081467
227,Nanguneri,Tirunelveli,South,GEN,0,INC,DMK_ALLIANCE,AIADMK,AIADMK_NDA,INC,DMK_ALLIANCE,AIADMK,AIADMK_NDA,0,0,0,0.0,0.0,0.268816,0.300437,0.043108,0.381664,0.005975,NTK,0.081227
228,Radhapuram,Tirunelveli,South,GEN,0,AIADMK,AIADMK_NDA,DMK,DMK_ALLIANCE,DMK,DMK_ALLIANCE,AIADMK,AIADMK_NDA,0,0,0,0.0,0.0,0.476353,0.389956,0.050183,0.026795,0.056713,DMK_ALLIANCE,0.086397
229,Kanniyakumari,Kanniyakumari,South,GEN,0,DMK,DMK_ALLIANCE,AIADMK,AIADMK_NDA,AIADMK,AIADMK_NDA,DMK,DMK_ALLIANCE,0,0,0,0.0,0.0,0.364267,0.472992,0.053784,0.055808,0.053149,AIADMK_NDA,0.108725
230,Nagercoil,Kanniyakumari,South,GEN,0,DMK,DMK_ALLIANCE,BJP,OTHERS,BJP,AIADMK_NDA,DMK,DMK_ALLIANCE,0,0,0,0.0,0.0,0.380213,0.473162,0.017345,0.063955,0.065326,AIADMK_NDA,0.092949
231,Colachal,Kanniyakumari,South,GEN,0,INC,DMK_ALLIANCE,BJP,OTHERS,INC,DMK_ALLIANCE,BJP,AIADMK_NDA,0,0,0,0.0,0.0,0.465271,0.394902,0.033943,0.048672,0.057211,DMK_ALLIANCE,0.070369
232,Padmanabhapuram,Kanniyakumari,South,GEN,0,DMK,DMK_ALLIANCE,AIADMK,AIADMK_NDA,DMK,DMK_ALLIANCE,AIADMK,AIADMK_NDA,0,0,0,0.0,0.0,0.461112,0.374369,0.04905,0.048199,0.06727,DMK_ALLIANCE,0.086743
233,Vilavancode,Kanniyakumari,South,GEN,0,INC,DMK_ALLIANCE,BJP,OTHERS,INC,DMK_ALLIANCE,BJP,AIADMK_NDA,0,0,0,0.0,0.0,0.507579,0.384546,0.03047,0.025789,0.051616,DMK_ALLIANCE,0.123033
234,Killiyoor,Kanniyakumari,South,GEN,0,INC,DMK_ALLIANCE,BJP,OTHERS,INC,DMK_ALLIANCE,AIADMK,AIADMK_NDA,0,0,0,0.0,0.0,0.454739,0.385219,0.042873,0.062489,0.05468,DMK_ALLIANCE,0.06952
