year,ac_no,ac_name,district,winner,winner_party,runner_up,runner_party,winner_votes,runner_votes,margin_votes,winner_vote_share,runner_vote_share
2016,1,Gummidipoondi,Tiruvallur,VIJAYAKUMAR K S,AIADMK_NDA,SEKAR C H,DMK_ALLIANCE,89332,65937,23395,41.68,30.76
2016,2,Ponneri,Tiruvallur,BALARAMAN P,AIADMK_NDA,PARIMALAM K DOCTOR,DMK_ALLIANCE,95979,76643,19336,48.56,38.78
2016,3,Tiruttani,Tiruvallur,NARASIMHAN P M,AIADMK_NDA,CHIDAMBARAM A G,DMK_ALLIANCE,93045,69904,23141,41.84,31.43
2016,4,Thiruvallur,Tiruvallur,RAAJENDRAN V G,DMK_ALLIANCE,BASKARAN A,AIADMK_NDA,80473,75335,5138,39.02,36.53
2016,5,Poonamallee,Tiruvallur,ELUMALAI T A,AIADMK_NDA,PARANTHAMEN I,DMK_ALLIANCE,103952,92189,11763,43.32,38.41
2016,6,Avadi,Tiruvallur,PANDIA RAJAN K,AIADMK_NDA,NASAR S M,DMK_ALLIANCE,108064,106669,1395,39.92,39.4
2016,7,Maduravoyal,Tiruvallur,BENJAMIN P,AIADMK_NDA,RAJESH R,DMK_ALLIANCE,99739,91337,8402,40.12,36.74
2016,8,Ambattur,Tiruvallur,ALEXANDER V,AIADMK_NDA,AASSAN MAULAANA,DMK_ALLIANCE,94375,76877,17498,41.1,33.48
2016,9,Madavaram,Tiruvallur,SUDHARSANAM S,DMK_ALLIANCE,DHAKSHNAMOORTHY D,AIADMK_NDA,122082,106829,15253,45.43,39.76
2016,10,Thiruvottiyur,Tiruvallur,SAMY.K.P.P,DMK_ALLIANCE,BALRAJ.B,AIADMK_NDA,82205,77342,4863,43.25,40.69
2016,11,Dr. Radhakrishnan Nagar,Chennai,JAYALALITHAA J,AIADMK_NDA,SHIMLA MUTHUCHOZHAN,DMK_ALLIANCE,97218,57673,39545,55.87,33.14
2016,12,Perambur,Chennai,P VETRIVEL,AIADMK_NDA,N R DHANAPALAN,DMK_ALLIANCE,79974,79455,519,42.39,42.11
2016,13,Kolathur,Chennai,STALIN.M.K,DMK_ALLIANCE,PRABHAKAR.J.C.D,AIADMK_NDA,91303,53573,37730,54.25,31.83
2016,14,Villivakkam,Chennai,B. RANGANATHAN,DMK_ALLIANCE,THADI M.RAJU,AIADMK_NDA,65972,56651,9321,43.96,37.75
2016,15,Thiru-Vi-Ka-Nagar,Chennai,SIVAKUMAR P @ THAYAGAM KAVI,DMK_ALLIANCE,NEELAKANDAN V,AIADMK_NDA,61744,58422,3322,45.25,42.82
2016,16,Egmore,Chennai,RAVICHANDRAN K.S,DMK_ALLIANCE,PARITHI ELLAMVAZHUTHI E,AIADMK_NDA,55060,44381,10679,45.64,36.79
2016,17,Royapuram,Chennai,JAYAKUMAR D,AIADMK_NDA,MANOHAR R,DMK_ALLIANCE,55205,47174,8031,45.21,38.63
2016,18,Harbour,Chennai,SEKAR BABU P K,DMK_ALLIANCE,SREENIVASAN K S,AIADMK_NDA,42071,37235,4836,40.36,35.72
2016,19,Chepauk-Thiruvallikeni,Chennai,J.ANBAZHAGAN,DMK_ALLIANCE,A.NOORJAHAN,AIADMK_NDA,67982,53818,14164,47.32,37.46
2016,20,Thousand Lights,Chennai,SELVAM KU. KA,DMK_ALLIANCE,VALARMATHI B,AIADMK_NDA,61726,52897,8829,43.35,37.15
2016,21,Anna Nagar,Chennai,MOHAN M.K.,DMK_ALLIANCE,GOKULAINDIRA S,AIADMK_NDA,70812,69726,1086,41.59,40.95
2016,22,Virugampakkam,Chennai,V.N.VIRUGAI RAVI,AIADMK_NDA,K THANASEKARAN,DMK_ALLIANCE,65979,63646,2333,38.51,37.15
2016,23,Saidapet,Chennai,SUBRAMANIAN.MA,DMK_ALLIANCE,PONNAYAN.C,AIADMK_NDA,79279,63024,16255,47.18,37.51
2016,24,Thiyagarayanagar,Chennai,SATHYANARAYANAN.B,AIADMK_NDA,DR.N.S.KANIMOZHI,DMK_ALLIANCE,53207,50052,3155,37.47,35.25
2016,25,Mylapore,Chennai,NATARAJ.R IPS (RTD),AIADMK_NDA,KARATE THIAGARAJAN.R,DMK_ALLIANCE,68176,53448,14728,43.67,34.23
2016,26,Velachery,Chennai,VAGAI CHANDERASEKAR,DMK_ALLIANCE,C MUNUSAMY,AIADMK_NDA,70139,61267,8872,39.96,34.91
2016,27,Sholinganallur,Chengalpattu,ARAVIND RAMESH S,DMK_ALLIANCE,SUNDARAM N,AIADMK_NDA,147014,132101,14913,42.53,38.21
2016,28,Alandur,Kancheepuram,ANBARASAN T.M.,DMK_ALLIANCE,RAMACHANDRAN S.,AIADMK_NDA,96877,77708,19169,44.64,35.81
2016,29,Sriperumbudur,Kancheepuram,PALANI.K,AIADMK_NDA,SELVAPERUNTHAGAI.K,DMK_ALLIANCE,101001,90285,10716,42.77,38.23
2016,30,Pallavaram,Chengalpattu,KARUNANITHI I,DMK_ALLIANCE,SARASWATHI C.R,AIADMK_NDA,112891,90726,22165,44.94,36.12
2016,31,Tambaram,Chengalpattu,RAJA S R,DMK_ALLIANCE,RAJENDRAN C,AIADMK_NDA,101835,87390,14445,43.27,37.13
2016,32,Chengalpattu,Chengalpattu,VARALAKSHMI.M,DMK_ALLIANCE,KAMALAKKANNAN.R,AIADMK_NDA,112675,86383,26292,45.11,34.58
2016,33,Thiruporur,Chengalpattu,KOTHANDAPANI. M,AIADMK_NDA,VISWANATHAN. V,DMK_ALLIANCE,70215,69265,950,34.91,34.44
2016,34,Cheyyur,Chengalpattu,ARASU R T,DMK_ALLIANCE,MUNUSAMY A,AIADMK_NDA,63446,63142,304,37.51,37.33
2016,35,Madurantakam,Chengalpattu,S.PUGAZHENTHI,DMK_ALLIANCE,C.K.THAMIZHARASAN,AIADMK_NDA,73693,70736,2957,41.43,39.77
2016,36,Uthiramerur,Kancheepuram,SUNDAR.K,DMK_ALLIANCE,GANESAN.P,AIADMK_NDA,85513,73357,12156,43.02,36.9
2016,37,Kancheepuram,Kancheepuram,C.V.M.P. EZHILARASAN,DMK_ALLIANCE,T.MYTHILI,AIADMK_NDA,90533,82985,7548,40.4,37.03
2016,38,Arakkonam,Ranipet,RAVI S,AIADMK_NDA,RAJKUMAR N,DMK_ALLIANCE,68176,64015,4161,41.21,38.69
2016,39,Sholingur,Ranipet,PARTHIBAN.N.G,AIADMK_NDA,MUNIRATHINAM.A.M,DMK_ALLIANCE,77651,67919,9732,36.79,32.18
2016,40,Katpadi,Vellore,DURAIMURUGAN,DMK_ALLIANCE,APPU S.R.K,AIADMK_NDA,90534,66588,23946,50.9,37.44
2016,41,Ranipet,Ranipet,GANDHI.R,DMK_ALLIANCE,ELUMALAI. C,AIADMK_NDA,81724,73828,7896,42.85,38.71
2016,42,Arcot,Ranipet,ESWARAPPAN J L,DMK_ALLIANCE,RAMADOSS.K.V,AIADMK_NDA,84182,73091,11091,41.39,35.94
2016,43,Vellore,Vellore,KARTHIKEYAN,DMK_ALLIANCE,HARUN RASHEED,AIADMK_NDA,88264,62054,26210,51.53,36.23
2016,44,Anaikattu,Vellore,NANDAKUMAR. A.P,DMK_ALLIANCE,KALAIARASU. M,AIADMK_NDA,77058,68290,8768,42.43,37.6
2016,45,Kilvaithinankuppam,Vellore,LOGANATHAN.G,AIADMK_NDA,AMALU V,DMK_ALLIANCE,75612,65866,9746,45.76,39.86
2016,46,Gudiyattam,Vellore,JAYANTHI PADMANABHAN .C,AIADMK_NDA,RAJAMARTHANDAN K.,DMK_ALLIANCE,94689,83219,11470,48.56,42.68
2016,47,Vaniyambadi,Tirupattur,NILOFER,AIADMK_NDA,SYED FAROOQ,DMK_ALLIANCE,69588,55062,14526,40.31,31.89
2016,48,Ambur,Tirupattur,BALASUBRAMANIR.(E),AIADMK_NDA,NAZEER AHMEDV.R.,OTHERS,79182,51176,28006,49.16,31.77
2016,49,Jolarpet,Tirupattur,VEERAMANI.K.C.,AIADMK_NDA,KAVITHA.C,DMK_ALLIANCE,82525,71534,10991,45.57,39.5
2016,50,Tirupattur,Tirupattur,NALLATHAMBI. A,DMK_ALLIANCE,KUMAR.T.T,AIADMK_NDA,80791,73144,7647,45.43,41.13
2016,51,Uthangarai,Krishnagiri,N.MANORANJITHAM,AIADMK_NDA,S.MALATHY,DMK_ALLIANCE,69980,67367,2613,38.75,37.3
2016,52,Bargur,Krishnagiri,V.RAJENDRAN,AIADMK_NDA,GOVINDDARASAN.E.C,DMK_ALLIANCE,80650,79668,982,42.89,42.36
2016,53,Krishnagiri,Krishnagiri,T.SENGUTTUVAN,DMK_ALLIANCE,V.GOVINDARAJ,AIADMK_NDA,87637,82746,4891,43.8,41.35
2016,54,Veppanahalli,Krishnagiri,MURUGAN P,DMK_ALLIANCE,MADHU A.V.M @ HEMNATH M,AIADMK_NDA,88952,83724,5228,46.01,43.31
2016,55,Hosur,Krishnagiri,BALAKRISHNA REDDY P,AIADMK_NDA,GOPINATH K,DMK_ALLIANCE,89510,66546,22964,41.59,30.92
2016,56,Thalli,Krishnagiri,PRAKAASHY.,DMK_ALLIANCE,RAMACHANDRANT.,DMK_ALLIANCE,74429,68184,6245,39.31,36.01
2016,57,Palacode,Dharmapuri,ANBALAGAN. K.P.,AIADMK_NDA,MURUGAN. P.K.,DMK_ALLIANCE,76143,70160,5983,40.34,37.17
2016,58,Pennagaram,Dharmapuri,INBASEKARAN. P.N.P.,DMK_ALLIANCE,ANBUMANI RAMADOSS,OTHERS,76848,58402,18446,38.49,29.25
2016,59,Dharmapuri,Dharmapuri,SUBRAMANI. P.,DMK_ALLIANCE,ELANGOVAN. P.D.,AIADMK_NDA,71056,61380,9676,34.25,29.58
2016,60,Pappireddippatti,Dharmapuri,PALANIYAPPAN. P,AIADMK_NDA,SATHIYAMOORTHY. A,OTHERS,74234,61521,12713,35.56,29.47
2016,61,Harur,Dharmapuri,R.MURUGAN,AIADMK_NDA,S.RAJENDRAN,DMK_ALLIANCE,64568,53147,11421,33.96,27.95
2016,62,Chengam,Tiruvannamalai,GIRI .M.P,DMK_ALLIANCE,DINAGARAN. M,AIADMK_NDA,95939,83248,12691,45.6,39.57
2016,63,Tiruvannamalai,Tiruvannamalai,VELUE.V.,DMK_ALLIANCE,RAJANK,AIADMK_NDA,116484,66136,50348,57.15,32.45
2016,64,Kilpennathur,Tiruvannamalai,PITCHANDI K,DMK_ALLIANCE,SELVAMANI K,AIADMK_NDA,99070,64404,34666,50.22,32.64
2016,65,Kalasapakkam,Tiruvannamalai,PANNEERSELVAM V,AIADMK_NDA,KUMAR G,DMK_ALLIANCE,84394,57980,26414,45.41,31.2
2016,66,Polur,Tiruvannamalai,SEKARAN.K.V,DMK_ALLIANCE,MURUGAN.M,AIADMK_NDA,66588,58315,8273,34.02,29.8
2016,67,Arani,Tiruvannamalai,RAMACHANDRAN S,AIADMK_NDA,BABU S,DMK_ALLIANCE,94074,86747,7327,44.89,41.4
2016,68,Cheyyar,Tiruvannamalai,MOHAN K,AIADMK_NDA,DR. VISHNUPRASAD M K,DMK_ALLIANCE,77766,69239,8527,37.78,33.64
2016,69,Vandavasi,Tiruvannamalai,AMBETHKUMAR S,DMK_ALLIANCE,MEGANATHAN V,AIADMK_NDA,80206,62138,18068,44.2,34.24
2016,70,Gingee,Viluppuram,MASTHAN K S,DMK_ALLIANCE,GOVINDASAMY A,AIADMK_NDA,88440,66383,22057,43.99,33.02
2016,71,Mailam,Viluppuram,MASILAMANI R,DMK_ALLIANCE,ANNADURAI K,AIADMK_NDA,70880,58574,12306,41.4,34.21
2016,72,Tindivanam,Viluppuram,SEETHAPATHY P,DMK_ALLIANCE,RAJENDRAN S P,AIADMK_NDA,61879,61778,101,35.33,35.27
2016,73,Vanur,Viluppuram,CHAKRAPANI M,AIADMK_NDA,MYDILI R,DMK_ALLIANCE,64167,53944,10223,36.79,30.93
2016,74,Viluppuram,Viluppuram,SHANMUGAM C VE,AIADMK_NDA,AMEER ABBAS S M,DMK_ALLIANCE,69421,47130,22291,36.74,24.94
2016,75,Vikravandi,Viluppuram,RATHAMANI.K,DMK_ALLIANCE,VELU R,AIADMK_NDA,63757,56845,6912,35.69,31.82
2016,76,Tirukkoyilur,Viluppuram,PONMUDY K,DMK_ALLIANCE,GOTHANDARAMAN G,AIADMK_NDA,93837,52780,41057,49.8,28.01
2016,77,Ulundurpettai,Kallakurichi,KUMARAGURU R.,AIADMK_NDA,VASANTHAVEL G.R.,DMK_ALLIANCE,81973,77809,4164,36.04,34.21
2016,78,Rishivandiyam,Kallakurichi,KARTHIKEYAN.K,DMK_ALLIANCE,DHANDAPANI.K,AIADMK_NDA,92607,72104,20503,47.08,36.66
2016,79,Sankarapuram,Kallakurichi,UDHAYASURIYAN.T,DMK_ALLIANCE,MOHAN P,AIADMK_NDA,90920,76392,14528,44.72,37.58
2016,80,Kallakurichi,Kallakurichi,PRABHU A,AIADMK_NDA,KAMARAJ P,DMK_ALLIANCE,90108,86004,4104,42.16,40.24
2016,81,Gangavalli,Salem,MARUTHAMUTHU.A,AIADMK_NDA,REKHA PRIYADHARSHINI.J,DMK_ALLIANCE,74301,72039,2262,42.22,40.94
2016,82,Attur,Salem,CHINNATHAMBI R M,AIADMK_NDA,ARTHANARI S K,DMK_ALLIANCE,82827,65493,17334,44.34,35.06
2016,83,Yercaud,Salem,CHITRA.G,AIADMK_NDA,TAMILSELVAN.C,DMK_ALLIANCE,100562,83168,17394,45.18,37.37
2016,84,Omalur,Salem,VETRIVEL.S,AIADMK_NDA,AMMASI.S,DMK_ALLIANCE,89169,69213,19956,39.23,30.45
2016,85,Mettur,Salem,SEMMALAI.S,AIADMK_NDA,PARTHIBAN.S.R,DMK_ALLIANCE,72751,66469,6282,35.05,32.02
2016,86,Edappadi,Salem,PALANISWAMI. K,AIADMK_NDA,ANNADURAI. N,OTHERS,98703,56681,42022,43.74,25.12
2016,87,Sankari,Salem,RAJA.S,AIADMK_NDA,RAJESWARAN.T.K,DMK_ALLIANCE,96202,58828,37374,44.57,27.25
2016,88,Salem West,Salem,VENKATACHALAM.G,AIADMK_NDA,PANNEER SELVAM.C.,DMK_ALLIANCE,80755,73508,7247,39.88,36.3
2016,89,Salem North,Salem,RAJENDRAN.R,DMK_ALLIANCE,SARAVANAN.K.R.S,AIADMK_NDA,86583,76710,9873,45.14,39.99
2016,90,Salem South,Salem,SAKTHIVEL A B,AIADMK_NDA,GUNASEKARAN M,DMK_ALLIANCE,101696,71243,30453,51.39,36.0
2016,91,Veerapandi,Salem,MANONMANI.P,AIADMK_NDA,RAJENDRAN. A,DMK_ALLIANCE,94792,80311,14481,45.86,38.85
2016,92,Rasipuram,Namakkal,SAROJA V. DR,AIADMK_NDA,DURAISAMY V.P,DMK_ALLIANCE,86901,77270,9631,46.5,41.35
2016,93,Senthamangalam,Namakkal,CHANDRASEKARAN C,AIADMK_NDA,PONNUSAMY K,DMK_ALLIANCE,91339,79006,12333,48.09,41.6
2016,94,Namakkal,Namakkal,BASKAR. K.P.P,AIADMK_NDA,CHEZHIAN. R,DMK_ALLIANCE,89076,75542,13534,45.81,38.85
2016,95,Paramathi-Velur,Namakkal,MOORTHIY K S,DMK_ALLIANCE,RAJENDHIRAN R,AIADMK_NDA,74418,73600,818,42.45,41.98
2016,96,Tiruchengodu,Namakkal,SARASWATHI PON,AIADMK_NDA,ELANGOAVAN BAR,DMK_ALLIANCE,73103,69713,3390,41.4,39.48
2016,97,Kumarapalayam,Namakkal,THANGAMANI P,AIADMK_NDA,YUVARAJ P,DMK_ALLIANCE,103032,55703,47329,55.2,29.84
2016,98,Erode East,Erode,THENNARASU K S,AIADMK_NDA,CHANDHIRAKUMAR V C,DMK_ALLIANCE,64879,57085,7794,43.83,38.57
2016,99,Erode West,Erode,RAMALINGAM K.V.,AIADMK_NDA,MUTHUSAMY S,DMK_ALLIANCE,82297,77391,4906,43.46,40.87
2016,100,Modakkurichi,Erode,SIVASUBRAMANI V.P.,AIADMK_NDA,SACHIDANANDAM P.,DMK_ALLIANCE,77067,74845,2222,43.62,42.36
2016,101,Dharapuram,Tiruppur,KALIMUTHU. V.S,DMK_ALLIANCE,PONNUSAMY. K,AIADMK_NDA,83538,73521,10017,45.67,40.19
2016,102,Kangayam,Tiruppur,THANIYARASU U,AIADMK_NDA,GOPI P,DMK_ALLIANCE,83325,70190,13135,45.18,38.06
2016,103,Perundurai,Erode,VENKATACHALAM.N.D,AIADMK_NDA,SAMY.K.P (A) MOHANASUNDARAM.P,DMK_ALLIANCE,80292,67521,12771,44.05,37.05
2016,104,Bhavani,Erode,KARUPPANAN K C,AIADMK_NDA,SIVAKUMAR N,DMK_ALLIANCE,85748,60861,24887,45.38,32.21
2016,105,Anthiyur,Erode,E.M.R.RAJA ALIAS RAJAKRISHNAN.K.R,AIADMK_NDA,VENKATACHALAM A G,DMK_ALLIANCE,71575,66263,5312,42.21,39.07
2016,106,Gobichettipalayam,Erode,SENGOTTAIYAN K.A,AIADMK_NDA,SARAVANAN S.V,DMK_ALLIANCE,96177,84954,11223,47.0,41.52
2016,107,Bhavanisagar,Erode,ESWARAN.S,AIADMK_NDA,SATHYA.R,DMK_ALLIANCE,83006,69902,13104,42.23,35.56
2016,108,Udhagamandalam,The Nilgiris,GANESH R.,DMK_ALLIANCE,VINOTH,AIADMK_NDA,67747,57329,10418,48.34,40.9
2016,109,Gudalur,The Nilgiris,THIRAVIDAMANIM.,DMK_ALLIANCE,KALAISELVAN S.,AIADMK_NDA,62128,48749,13379,47.39,37.19
2016,110,Coonoor,The Nilgiris,RAMU A.,AIADMK_NDA,MUBARAK B. M.,DMK_ALLIANCE,61650,57940,3710,45.71,42.96
2016,111,Mettuppalayam,Coimbatore,CHINNARAJ.O.K,AIADMK_NDA,SURENDRAN. S.,DMK_ALLIANCE,93595,77481,16114,44.41,36.76
2016,112,Avanashi,Tiruppur,DHANAPAL P,AIADMK_NDA,ANANDHAN E,DMK_ALLIANCE,93366,62692,30674,48.11,32.31
2016,113,Tiruppur North,Tiruppur,VIJAYAKUMAR KN,AIADMK_NDA,SAMINATHAN M P,DMK_ALLIANCE,106717,68943,37774,48.56,31.37
2016,114,Tiruppur South,Tiruppur,GUNASEKARAN S,AIADMK_NDA,SELVARAJ K,DMK_ALLIANCE,73351,57418,15933,44.68,34.98
2016,115,Palladam,Tiruppur,NATARAJAN. A,AIADMK_NDA,KRISHNAMOORTHY. S,DMK_ALLIANCE,111866,79692,32174,47.01,33.49
2016,116,Sulur,Coimbatore,KANAGARAJ R.,AIADMK_NDA,MANOHARAN V.M.C.,DMK_ALLIANCE,100977,64346,36631,47.38,30.19
2016,117,Kavundampalayam,Coimbatore,ARUKUTTY V.C.,AIADMK_NDA,PAYYA GOUNDER @ KRISHNAN R.,DMK_ALLIANCE,110870,102845,8025,40.7,37.76
2016,118,Coimbatore North,Coimbatore,ARUN KUMAR P.R.G.,AIADMK_NDA,S.MEENALOGU,DMK_ALLIANCE,77540,69816,7724,41.05,36.96
2016,119,Thondamuthur,Coimbatore,VELUMANIS.P.,AIADMK_NDA,KOVAI SYED @ SYED MOHAMMEDM.A.,OTHERS,109519,45478,64041,55.01,22.84
2016,120,Coimbatore South,Coimbatore,ARJUNAN @ AMMAN ARJUNANK.,AIADMK_NDA,MAYURA JAYAKUMARS.,DMK_ALLIANCE,59788,42369,17419,38.94,27.6
2016,121,Singanallur,Coimbatore,KARTHIK N.,DMK_ALLIANCE,SINGAI MUTHU N.,AIADMK_NDA,75459,70279,5180,40.02,37.28
2016,122,Kinathukadavu,Coimbatore,SHANMUGAM A.,AIADMK_NDA,KURICHI PRABHAKARAN,DMK_ALLIANCE,89042,87710,1332,42.81,42.17
2016,123,Pollachi,Coimbatore,POLLACHI V JAYARAMAN,AIADMK_NDA,TAMILMANI R.,DMK_ALLIANCE,78553,65185,13368,46.59,38.66
2016,124,Valparai,Coimbatore,KASTHURI VASU V.,AIADMK_NDA,PAULPANDI T.,DMK_ALLIANCE,69980,61736,8244,48.68,42.95
2016,125,Udumalaipettai,Tiruppur,RADHAKRISHNAN. K,AIADMK_NDA,MUTHU. MU. KA,DMK_ALLIANCE,81817,76130,5687,44.73,41.62
2016,126,Madathukulam,Tiruppur,JAYARAMAKRISHNAN R,DMK_ALLIANCE,MANOHARAN K,AIADMK_NDA,76619,74952,1667,44.66,43.69
2016,127,Palani,Dindigul,SENTHILKUMAR I P,DMK_ALLIANCE,KUMARASAMY P,AIADMK_NDA,100045,74459,25586,50.66,37.71
2016,128,Oddanchatram,Dindigul,SAKKARAPANI R,DMK_ALLIANCE,KITTUSAMY K,AIADMK_NDA,121715,55988,65727,64.26,29.56
2016,129,Athoor,Dindigul,PERIYASAMY I,DMK_ALLIANCE,VISWANATHAN R NATHAM,AIADMK_NDA,121738,94591,27147,53.1,41.26
2016,130,Nilakkottai,Dindigul,THANGATHURAI R,AIADMK_NDA,ANBAZHAGAN M,DMK_ALLIANCE,85507,70731,14776,48.99,40.52
2016,131,Natham,Dindigul,ANDI AMBALAM M.A,DMK_ALLIANCE,SHAJAHAN S,AIADMK_NDA,93822,91712,2110,45.32,44.3
2016,132,Dindigul,Dindigul,SREENIVASAN C,AIADMK_NDA,BASHEER AHAMED M,DMK_ALLIANCE,91413,70694,20719,49.3,38.13
2016,133,Vedasandur,Dindigul,PARAMASIVAM V.P.B,AIADMK_NDA,SIVASAKTHIVEL GOUNDER R,DMK_ALLIANCE,97555,77617,19938,49.13,39.09
2016,134,Aravakurichi,Karur,,AIADMK_NDA,,DMK_ALLIANCE,0,0,0,0.0,0.0
2016,135,Karur,Karur,VIJAYABHASKAR .M.R,AIADMK_NDA,SUBRAMANIAN .BANK .K,DMK_ALLIANCE,81936,81495,441,43.86,43.62
2016,136,Krishnarayapuram,Karur,GEETHA M.,AIADMK_NDA,AIYYAR V. K.,OTHERS,83977,48676,35301,49.82,28.88
2016,137,Kulithalai,Karur,RAMAR .E,DMK_ALLIANCE,CHANDRASEKARAN .R,AIADMK_NDA,89923,78027,11896,48.85,42.39
2016,138,Manapparai,Tiruchirappalli,CHANDRASEKAR R,AIADMK_NDA,MOHAMED NIZAM M A,DMK_ALLIANCE,91399,73122,18277,44.38,35.5
2016,139,Srirangam,Tiruchirappalli,VALARMATHI.S,AIADMK_NDA,PALANIYANDI.M,DMK_ALLIANCE,108400,93991,14409,48.09,41.7
2016,140,Tiruchirappalli West,Tiruchirappalli,NEHRU.K.N,DMK_ALLIANCE,MANOHARAN.R,AIADMK_NDA,92049,63634,28415,51.3,35.47
2016,141,Tiruchirappalli East,Tiruchirappalli,NATARAJAN .N.,AIADMK_NDA,JEROME AROCKIARAJ .G.,DMK_ALLIANCE,79938,58044,21894,47.87,34.76
2016,142,Thiruverumbur,Tiruchirappalli,ANBIL MAHESH POYYAMOZHI,DMK_ALLIANCE,KALAICHELVAN.D,AIADMK_NDA,85950,69255,16695,46.98,37.85
2016,143,Lalgudi,Tiruchirappalli,SOUNDARAPANDIAN A,DMK_ALLIANCE,VIJAYAMURTHY M,AIADMK_NDA,77946,74109,3837,46.8,44.5
2016,144,Manachanallur,Tiruchirappalli,PARAMESWARI. M,AIADMK_NDA,GANESAN. S,DMK_ALLIANCE,83083,75561,7522,46.17,41.99
2016,145,Musiri,Tiruchirappalli,SELVARASU M,AIADMK_NDA,VIJAYA BABU S,DMK_ALLIANCE,89398,57311,32087,52.31,33.53
2016,146,Thuraiyur,Tiruchirappalli,STALINKUMAR .S,DMK_ALLIANCE,MAIVIZHI .A,AIADMK_NDA,81444,73376,8068,48.1,43.33
2016,147,Perambalur,Perambalur,R.THAMIZHSELVAN,AIADMK_NDA,P.SIVAKAMI,DMK_ALLIANCE,101073,94220,6853,45.27,42.2
2016,148,Kunnam,Perambalur,RAMACHANDRAN.R.T,AIADMK_NDA,DURAIRAJ.T,DMK_ALLIANCE,78218,59422,18796,38.15,28.98
2016,149,Ariyalur,Ariyalur,RAJENDRAN. S,AIADMK_NDA,SIVASANKAR. S.S,DMK_ALLIANCE,88523,86480,2043,41.94,40.97
2016,150,Jayankondam,Ariyalur,RAMAJEYALINGAM.J.K.N,AIADMK_NDA,GURU @ GURUNATHAN.J,OTHERS,75672,52738,22934,37.09,25.85
2016,151,Tittakudi,Cuddalore,GANESAN V,DMK_ALLIANCE,AYYASAMY P,AIADMK_NDA,65139,62927,2212,40.67,39.29
2016,152,Vriddhachalam,Cuddalore,KALAISELVAN V T,AIADMK_NDA,GOVINDASAMY P,DMK_ALLIANCE,72611,58834,13777,39.22,31.78
2016,153,Neyveli,Cuddalore,SABA. RAJENDRAN,DMK_ALLIANCE,RAJSEKAR R,AIADMK_NDA,54299,36508,17791,34.1,22.93
2016,154,Panruti,Cuddalore,SATHYA.P,AIADMK_NDA,PONKUMAR,DMK_ALLIANCE,72353,69225,3128,39.01,37.33
2016,155,Cuddalore,Cuddalore,SAMPATH M C,AIADMK_NDA,PUGAZHENDI ELA,DMK_ALLIANCE,70922,46509,24413,41.07,26.93
2016,156,Kurinjipadi,Cuddalore,PANNEERSELVAM MRK,DMK_ALLIANCE,RAJENDRAN R,AIADMK_NDA,82864,54756,28108,44.03,29.09
2016,157,Bhuvanagiri,Cuddalore,SARAVANAN DURAI K.,DMK_ALLIANCE,SELVI RAMAJAYAM,AIADMK_NDA,60554,55066,5488,31.73,28.85
2016,158,Chidambaram,Cuddalore,PANDIAN K A,AIADMK_NDA,SENTHILKUMAR K R,DMK_ALLIANCE,58543,57037,1506,34.31,33.43
2016,159,Kattumannarkoil,Cuddalore,MURUGUMARAN.N,AIADMK_NDA,THIRUMAAVALAVAN.THOL,DMK_ALLIANCE,48450,48363,87,29.33,29.28
2016,160,Sirkazhi,Mayiladuthurai,BHARATHI.P.V,AIADMK_NDA,KILLAI RAVINDRAN.S,DMK_ALLIANCE,76487,67484,9003,43.05,37.98
2016,161,Mayiladuthurai,Mayiladuthurai,RATHAKRISHNAN.V,AIADMK_NDA,ANBAZHAGAN.K,DMK_ALLIANCE,70949,66171,4778,42.02,39.19
2016,162,Poompuhar,Mayiladuthurai,PAVUNRAJ.S,AIADMK_NDA,SHAJAHAN.A.M,DMK_ALLIANCE,87666,67731,19935,45.48,35.14
2016,163,Nagapattinam,Nagapattinam,THAMIMUN ANSARI.M,AIADMK_NDA,MOHAMED JAFARULLAH.A,OTHERS,64903,44353,20550,48.28,32.99
2016,164,Kilvelur,Nagapattinam,MATHIVANAN.U,DMK_ALLIANCE,MEENA.N,AIADMK_NDA,61999,51829,10170,44.95,37.58
2016,165,Vedaranyam,Nagapattinam,MANIAN.O.S,AIADMK_NDA,RAJENDIRAN.P.V,DMK_ALLIANCE,60836,37838,22998,41.44,25.77
2016,166,Thiruthuraipoondi,Thiruvarur,ADALARASAN. P,DMK_ALLIANCE,UMAMAHESWARI. K,AIADMK_NDA,72127,58877,13250,41.07,33.53
2016,167,Mannargudi,Thiruvarur,RAJAA.T.R.B,DMK_ALLIANCE,KAMARAJ. S,AIADMK_NDA,91137,81200,9937,48.71,43.4
2016,168,Thiruvarur,Thiruvarur,KARUNANIDHI .M,DMK_ALLIANCE,PANNERSELVAM .R,AIADMK_NDA,121473,53107,68366,61.73,26.99
2016,169,Nannilam,Thiruvarur,KAMARAJ. R,AIADMK_NDA,DURAIVELAN. S.M.B,DMK_ALLIANCE,100918,79642,21276,49.43,39.01
2016,170,Thiruvidaimarudur,Thanjavur,CHEZHIAAN.GOVI,DMK_ALLIANCE,SETTU.U,AIADMK_NDA,77538,77006,532,41.93,41.64
2016,171,Kumbakonam,Thanjavur,G.ANBALAGAN,DMK_ALLIANCE,RATHNA.S,AIADMK_NDA,85048,76591,8457,45.04,40.56
2016,172,Papanasam,Thanjavur,DORAIKKANNU R,AIADMK_NDA,LOGANATHAN T R,DMK_ALLIANCE,82614,58249,24365,45.26,31.91
2016,173,Thiruvaiyaru,Thanjavur,DURAI.CHANDRASEKARAN,DMK_ALLIANCE,M.G.M.SUBRAMANIAN,AIADMK_NDA,100043,85700,14343,49.27,42.21
2016,174,Thanjavur,Thanjavur,,AIADMK_NDA,,DMK_ALLIANCE,0,0,0,0.0,0.0
2016,175,Orathanadu,Thanjavur,RAMCHANDRAN. M,DMK_ALLIANCE,VAITHILINGAM. R,AIADMK_NDA,84378,80733,3645,46.87,44.85
2016,176,Pattukkottai,Thanjavur,SEKAR. V,AIADMK_NDA,MAHENDRAN. K,DMK_ALLIANCE,70631,58273,12358,42.58,35.13
2016,177,Peravurani,Thanjavur,GOVINDARASU M,AIADMK_NDA,ASHOK KUMAR N,DMK_ALLIANCE,73908,72913,995,45.65,45.04
2016,178,Gandharvakottai,Pudukkottai,ARUMUGAM.B,AIADMK_NDA,ANBARASAN.K,DMK_ALLIANCE,64043,60996,3047,43.84,41.75
2016,179,Viralimalai,Pudukkottai,VIJAYA BASKAR C,AIADMK_NDA,PALANIAPPAN M,DMK_ALLIANCE,84701,76254,8447,49.69,44.74
2016,180,Pudukkottai,Pudukkottai,PERIYANNAN ARASSU,DMK_ALLIANCE,KARTHIK THONDAIMAN,AIADMK_NDA,66739,64655,2084,39.19,37.97
2016,181,Thirumayam,Pudukkottai,REGUPATHY S,DMK_ALLIANCE,VAIRAMUTHU PK,AIADMK_NDA,72373,71607,766,45.58,45.1
2016,182,Alangudi,Pudukkottai,MEYYANATHAN .SIVA .V,DMK_ALLIANCE,GNANA KALAISELVAN,AIADMK_NDA,72992,63051,9941,46.17,39.88
2016,183,Aranthangi,Pudukkottai,RATHINASABHAPATHY E,AIADMK_NDA,RAMACHANDRAN T,DMK_ALLIANCE,69905,67614,2291,45.22,43.74
2016,184,Karaikudi,Sivaganga,RAMASAMY KR,DMK_ALLIANCE,KARPAGAM ILANGO,AIADMK_NDA,93419,75136,18283,46.4,37.32
2016,185,Tiruppattur,Sivaganga,PERIAKARUPPAN KR,DMK_ALLIANCE,ASOKAN KR,AIADMK_NDA,110719,68715,42004,55.72,34.58
2016,186,Sivaganga,Sivaganga,BASKARAN.G,AIADMK_NDA,SATHIANATHAN.M @ MEPPAL M.SAKTHI,DMK_ALLIANCE,81697,75061,6636,43.15,39.64
2016,187,Manamadurai,Sivaganga,MARIAPPANKENNADY S,AIADMK_NDA,CHITRASELVI S,DMK_ALLIANCE,89893,75004,14889,48.45,40.43
2016,188,Melur,Madurai,PERIYAPULLAN @ SELVAM P,AIADMK_NDA,RAGUPTHY A.P,DMK_ALLIANCE,88909,69186,19723,51.54,40.11
2016,189,Madurai East,Madurai,MOORTHY P,DMK_ALLIANCE,P PANDI,AIADMK_NDA,108569,75797,32772,50.62,35.34
2016,190,Sholavandan,Madurai,MANICKAM K,AIADMK_NDA,BHAVANI.C,DMK_ALLIANCE,87044,62187,24857,52.33,37.39
2016,191,Madurai North,Madurai,RAJAN CHELLAPPA V.V.,AIADMK_NDA,KARTHIKEYAN V.,DMK_ALLIANCE,70460,51621,18839,45.64,33.44
2016,192,Madurai South,Madurai,SARAVANAN .S.S.,AIADMK_NDA,BALACHANDRAN .M,DMK_ALLIANCE,62683,38920,23763,42.75,26.55
2016,193,Madurai Central,Madurai,PALANIVEL THIAGARAJAN,DMK_ALLIANCE,JEYABAL M,AIADMK_NDA,64662,58900,5762,42.55,38.75
2016,194,Madurai West,Madurai,RAJU K,AIADMK_NDA,THALAPATHI G,DMK_ALLIANCE,82529,66131,16398,44.81,35.91
2016,195,Thiruparankundram,Madurai,SEENIVEL S M,AIADMK_NDA,MANIMARAN M,DMK_ALLIANCE,93453,70461,22992,47.32,35.68
2016,196,Thirumangalam,Madurai,UDHAYAKUMAR.R.B,AIADMK_NDA,JEYARAM.R,DMK_ALLIANCE,95864,72274,23590,46.99,35.43
2016,197,Usilampatti,Madurai,NEETHIPATHI P,AIADMK_NDA,ILAMAKEZHAN.K,DMK_ALLIANCE,106349,73443,32906,52.88,36.52
2016,198,Andipatti,Theni,THANGATAMILSELVAM,AIADMK_NDA,MOOKAIAH.L,DMK_ALLIANCE,103129,72933,30196,51.93,36.72
2016,199,Periyakulam,Theni,KATHIRKAMU.K,AIADMK_NDA,ANBAZHAGAN,DMK_ALLIANCE,90599,76249,14350,46.94,39.51
2016,200,Bodinayakanur,Theni,O. PANNEERSELVAM,AIADMK_NDA,S. LAKSHMANAN,DMK_ALLIANCE,99531,83923,15608,49.38,41.63
2016,201,Cumbum,Theni,S.T.K.JAKKAIYAN,AIADMK_NDA,CUMBUM.NRAMAKRISHNAN,DMK_ALLIANCE,91099,79878,11221,46.94,41.16
2016,202,Rajapalayam,Virudhunagar,THANGAPPANDIAN. S.,DMK_ALLIANCE,SHYAM A.A.S.,AIADMK_NDA,74787,69985,4802,43.82,41.0
2016,203,Srivilliputhur,Virudhunagar,CHANDRA PRABHA. M,AIADMK_NDA,MUTHUKUMAR.C,OTHERS,88103,51430,36673,49.32,28.79
2016,204,Sattur,Virudhunagar,SUBRAMANIANS.G.,AIADMK_NDA,SRINIVASANV.,DMK_ALLIANCE,71513,67086,4427,40.65,38.13
2016,205,Sivakasi,Virudhunagar,RAJENTHRABHALAJI K.T,AIADMK_NDA,SREERAJA C.,DMK_ALLIANCE,76734,61986,14748,43.67,35.28
2016,206,Virudhunagar,Virudhunagar,SEENIVASAN A.R.R,DMK_ALLIANCE,KALANITHI.K,AIADMK_NDA,65499,62629,2870,42.71,40.84
2016,207,Aruppukkottai,Virudhunagar,RAMACHANDRAN.K.K.S.S.R,DMK_ALLIANCE,VAIGAICHELVAN.DR,AIADMK_NDA,81485,63431,18054,49.41,38.46
2016,208,Tiruchuli,Virudhunagar,THANGAM THENARASU,DMK_ALLIANCE,DINESH BABU K.,AIADMK_NDA,89927,63350,26577,53.61,37.77
2016,209,Paramakudi,Ramanathapuram,MUTHIAH.S.DR,AIADMK_NDA,THISAIVEERAN.U,DMK_ALLIANCE,79254,67865,11389,46.89,40.15
2016,210,Tiruvadanai,Ramanathapuram,KARUNAAS,AIADMK_NDA,THIVAKARAN. S.P,DMK_ALLIANCE,76786,68090,8696,41.14,36.48
2016,211,Ramanathapuram,Ramanathapuram,MANIKANDAN.M,AIADMK_NDA,JAWAHIRULLAH.M.H,OTHERS,89365,56143,33222,46.3,29.09
2016,212,Mudhukulathur,Ramanathapuram,S.PANDI,DMK_ALLIANCE,M.KEERTHIKA,AIADMK_NDA,94946,81598,13348,46.71,40.14
2016,213,Vilathikulam,Thoothukudi,UMA MAHESWARI K,AIADMK_NDA,BEEMARAJ S,DMK_ALLIANCE,71496,52778,18718,46.79,34.54
2016,214,Thoothukkudi,Thoothukudi,GEETHA JEEVAN P,DMK_ALLIANCE,CHELLAPANDIAN.S.T.,AIADMK_NDA,88045,67137,20908,46.46,35.43
2016,215,Tiruchendur,Thoothukudi,ANITHA R RADHAKRISHNAN,DMK_ALLIANCE,SARATHKUMAR.R,AIADMK_NDA,88357,62356,26001,52.97,37.38
2016,216,Srivaikuntam,Thoothukudi,SHANMUGANATHAN S.P,AIADMK_NDA,RANI VENKATESAN V,DMK_ALLIANCE,65198,61667,3531,41.96,39.69
2016,217,Ottapidaram,Thoothukudi,SUNDARARAJ.R,AIADMK_NDA,DR.KRISHNASAMY.K,OTHERS,65071,64578,493,40.57,40.26
2016,218,Kovilpatti,Thoothukudi,C. KADAMBUR RAJU,AIADMK_NDA,A.SUBRAMANIAN,DMK_ALLIANCE,64514,64086,428,38.96,38.7
2016,219,Sankarankovil,Tenkasi,RAJALAKSHMI M,AIADMK_NDA,ANBUMANI G,DMK_ALLIANCE,78751,64262,14489,44.36,36.2
2016,220,Vasudevanallur,Tenkasi,MANOHARAN A,AIADMK_NDA,ANBALAGAN S,OTHERS,73904,55146,18758,45.06,33.62
2016,221,Kadayanallur,Tenkasi,MUHAMMED ABUBACKER.K.A.M,DMK_ALLIANCE,SHEIK DAWOOD. S,AIADMK_NDA,70763,69569,1194,37.49,36.86
2016,222,Tenkasi,Tenkasi,SELVAMOHANDAS PANDIAN S,AIADMK_NDA,PALANI NADAR S,DMK_ALLIANCE,86339,85877,462,42.58,42.35
2016,223,Alangulam,Tenkasi,DR. POONGOTHAI ALADI ARUNA,DMK_ALLIANCE,HEPZI KARTHIKEYAN,AIADMK_NDA,88891,84137,4754,45.98,43.52
2016,224,Tirunelveli,Tirunelveli,LAKSHMANAN A.L.S.,DMK_ALLIANCE,NAINAR NAGENTHRAN,AIADMK_NDA,81761,81160,601,43.13,42.81
2016,225,Ambasamudram,Tirunelveli,R. MURUGAIAH PANDIAN,AIADMK_NDA,AVUDAIAPPAN. R,DMK_ALLIANCE,78555,65389,13166,45.8,38.12
2016,226,Palayamkottai,Tirunelveli,MOHIDEEN KHANT.P.M,DMK_ALLIANCE,HYDER ALI S.K.A,AIADMK_NDA,67463,51591,15872,43.62,33.36
2016,227,Nanguneri,Tirunelveli,VASANTHAKUMAR. H,DMK_ALLIANCE,VIJAYAKUMAR. M,AIADMK_NDA,74932,57617,17315,43.45,33.41
2016,228,Radhapuram,Tirunelveli,I. S. INBADURAI,AIADMK_NDA,M. APPAVU,DMK_ALLIANCE,69590,69541,49,40.62,40.59
2016,229,Kanniyakumari,Kanniyakumari,AUSTIN. S,DMK_ALLIANCE,THALAVAI SUNDARAM. N,AIADMK_NDA,89023,83111,5912,42.41,39.59
2016,230,Nagercoil,Kanniyakumari,SURESH RAJAN N,DMK_ALLIANCE,GANDHI M.R,OTHERS,67369,46413,20956,38.87,26.78
2016,231,Colachal,Kanniyakumari,PRINCE J.G.,DMK_ALLIANCE,RAMESH P,OTHERS,67195,41167,26028,40.19,24.62
2016,232,Padmanabhapuram,Kanniyakumari,MANO THANGARAJ T,DMK_ALLIANCE,RAJENDRA PRASAD K P,AIADMK_NDA,76249,35344,40905,47.2,21.88
2016,233,Vilavancode,Kanniyakumari,VIJAYADHARANI S,DMK_ALLIANCE,DHARMARAJ C,OTHERS,68789,35646,33143,42.43,21.98
2016,234,Killiyoor,Kanniyakumari,RAJESH KUMAR S,DMK_ALLIANCE,PON. VIJAYARAGAVAN,OTHERS,77356,31061,46295,50.47,20.27
2021,1,Gummidipoondi,Tiruvallur,GOVINDARAJAN T.J,DMK_ALLIANCE,PRAKASH M,AIADMK_NDA,126452,75514,50938,56.94,34.0
2021,2,Ponneri,Tiruvallur,DURAI. CHANDRASEKAR,DMK_ALLIANCE,BALARAMAN. P,AIADMK_NDA,94528,84839,9689,44.94,40.33
2021,3,Tiruttani,Tiruvallur,S.Chandran,DMK_ALLIANCE,G.Hari,AIADMK_NDA,120314,91061,29253,51.72,39.15
2021,4,Thiruvallur,Tiruvallur,"RAAJENDRAN, V.G.",DMK_ALLIANCE,"RAMANAH, BE VEE",AIADMK_NDA,107709,85008,22701,50.27,39.68
2021,5,Poonamallee,Tiruvallur,Krishnaswamy A,DMK_ALLIANCE,Rajamannar S X,AIADMK_NDA,149578,55468,94110,56.72,21.03
2021,6,Avadi,Tiruvallur,Nasar S M,DMK_ALLIANCE,Pandiarajan K,AIADMK_NDA,150287,95012,55275,49.94,31.57
2021,7,Maduravoyal,Tiruvallur,GANAPATHY.K,DMK_ALLIANCE,BENJAMIN.P,AIADMK_NDA,121298,89577,31721,44.29,32.71
2021,8,Ambattur,Tiruvallur,JOSEPH SAMUEL,DMK_ALLIANCE,V ALEXANDER,AIADMK_NDA,114554,72408,42146,47.67,30.13
2021,9,Madavaram,Tiruvallur,SUDHARSANAM. S,DMK_ALLIANCE,Moorthy. V,AIADMK_NDA,151485,94414,57071,50.04,31.19
2021,10,Thiruvottiyur,Tiruvallur,K.P.SHANKAR,DMK_ALLIANCE,K.KUPPAN,AIADMK_NDA,88185,50524,37661,44.09,25.26
2021,11,Dr. Radhakrishnan Nagar,Chennai,EBENEZER. J.J. (@)  JOHN EBENEZER.J,DMK_ALLIANCE,RAAJESH.R.S.,AIADMK_NDA,95763,53284,42479,51.2,28.49
2021,12,Perambur,Chennai,SHEKAR. R.D,DMK_ALLIANCE,DHANAPALAN N.R,AIADMK_NDA,105267,50291,54976,52.53,25.1
2021,13,Kolathur,Chennai,M.K. STALIN,DMK_ALLIANCE,AADIRAJARAM,AIADMK_NDA,105522,35138,70384,60.86,20.27
2021,14,Villivakkam,Chennai,A . Vetriazhagan,DMK_ALLIANCE,J.C.D.Prabhakar,AIADMK_NDA,76127,38890,37237,52.83,26.99
2021,15,Thiru-Vi-Ka-Nagar,Chennai,SIVAKUMAR.P,DMK_ALLIANCE,KALYANI.P.L,AIADMK_NDA,81727,26714,55013,61.13,19.98
2021,16,Egmore,Chennai,I.PARANTHAMEN,DMK_ALLIANCE,B.JOHN PANDIAN,AIADMK_NDA,68832,30064,38768,57.71,25.21
2021,17,Royapuram,Chennai,MURTHY.R.IDREAM,DMK_ALLIANCE,JAYAKUMAR.D,AIADMK_NDA,64424,36645,27779,53.16,30.24
2021,18,Harbour,Chennai,SEKARBABU. P.K,DMK_ALLIANCE,VINOJ. P. SELVAM,AIADMK_NDA,59317,32043,27274,58.35,31.52
2021,19,Chepauk-Thiruvallikeni,Chennai,UDHAYANIDHI STALIN,DMK_ALLIANCE,KASSALI A.V.A,AIADMK_NDA,93285,23930,69355,67.89,17.42
2021,20,Thousand Lights,Chennai,EZHILAN N,DMK_ALLIANCE,KUSHBOO SUNDAR,AIADMK_NDA,71867,39405,32462,52.87,28.99
2021,21,Anna Nagar,Chennai,M.K. Mohan,DMK_ALLIANCE,S. Gokula Indira,AIADMK_NDA,80054,52609,27445,48.49,31.87
2021,22,Virugampakkam,Chennai,AMV.PRABHAKARA RAJA,DMK_ALLIANCE,VIRUGAI V.N.RAVI,AIADMK_NDA,74351,55984,18367,43.97,33.11
2021,23,Saidapet,Chennai,SUBRAMANIAN. MA,DMK_ALLIANCE,SAIDAI DURAISAMY,AIADMK_NDA,80194,50786,29408,50.02,31.68
2021,24,Thiyagarayanagar,Chennai,KARUNANITHI J,DMK_ALLIANCE,SATHIYANAARAYANAN B,AIADMK_NDA,56035,55898,137,40.57,40.47
2021,25,Mylapore,Chennai,VELU.DHA,DMK_ALLIANCE,NATARAJ.R,AIADMK_NDA,68392,55759,12633,44.58,36.34
2021,26,Velachery,Chennai,JMH.AASSAN MAULAANA,DMK_ALLIANCE,M.K.ASHOK,AIADMK_NDA,68493,64141,4352,38.76,36.3
2021,27,Sholinganallur,Chengalpattu,S.ARAVINDRAMESH,DMK_ALLIANCE,K.P.KANDAN,AIADMK_NDA,171558,136153,35405,44.18,35.06
2021,28,Alandur,Kancheepuram,T.M.Anbarasan,DMK_ALLIANCE,B.Valarmathi,AIADMK_NDA,116785,76214,40571,49.12,32.06
2021,29,Sriperumbudur,Kancheepuram,SELVAPERUNTHAGAI,DMK_ALLIANCE,PALANI,AIADMK_NDA,115353,104474,10879,43.65,39.53
2021,30,Pallavaram,Chengalpattu,KARUNANITHI,DMK_ALLIANCE,RAJENDRAN,AIADMK_NDA,126427,88646,37781,47.49,33.3
2021,31,Tambaram,Chengalpattu,Raja.S.R,DMK_ALLIANCE,Chinnaiyah.T.K.M,AIADMK_NDA,116840,80016,36824,46.93,32.14
2021,32,Chengalpattu,Chengalpattu,VARALAKSHMI.M,DMK_ALLIANCE,GAJENDRAN.M,AIADMK_NDA,130573,103908,26665,47.64,37.91
2021,33,Thiruporur,Chengalpattu,S.S.Balaji,DMK_ALLIANCE,Arumugam.K,AIADMK_NDA,93954,92007,1947,41.44,40.58
2021,34,Cheyyur,Chengalpattu,Babu M,DMK_ALLIANCE,Kanitha S,AIADMK_NDA,82750,78708,4042,46.2,43.94
2021,35,Madurantakam,Chengalpattu,Maragatham. K,AIADMK_NDA,Sathya. C.E,DMK_ALLIANCE,86646,83076,3570,46.62,44.7
2021,36,Uthiramerur,Kancheepuram,SUNDAR K,DMK_ALLIANCE,SOMASUNDARAM V,AIADMK_NDA,93427,91805,1622,44.38,43.61
2021,37,Kancheepuram,Kancheepuram,C.V.M.P. Ezhailzrasan,DMK_ALLIANCE,P. Magesh Kumar,AIADMK_NDA,102712,91117,11595,44.77,39.71
2021,38,Arakkonam,Ranipet,S.RAVI,AIADMK_NDA,GOWTHAMA SANNAH.J,DMK_ALLIANCE,85399,58230,27169,49.82,33.97
2021,39,Sholingur,Ranipet,A.M.MUNIRATHINAM,DMK_ALLIANCE,A.M.KRISHNAN,AIADMK_NDA,110228,83530,26698,49.18,37.27
2021,40,Katpadi,Vellore,DURAIMURUGAN,DMK_ALLIANCE,V RAMU,AIADMK_NDA,85140,84394,746,45.71,45.31
2021,41,Ranipet,Ranipet,R.GANDHI,DMK_ALLIANCE,S.M.SUGUMAR,AIADMK_NDA,103291,86793,16498,49.79,41.84
2021,42,Arcot,Ranipet,J.L.Eswarappan,DMK_ALLIANCE,Elavazagan.K.L,AIADMK_NDA,103885,83927,19958,49.52,40.01
2021,43,Vellore,Vellore,Karthikeyan .P,DMK_ALLIANCE,Appu S.R.K,AIADMK_NDA,84299,75118,9181,46.86,41.76
2021,44,Anaikattu,Vellore,A.P.Nandakumar,DMK_ALLIANCE,D.Velazhagan,AIADMK_NDA,95159,88799,6360,48.11,44.89
2021,45,Kilvaithinankuppam,Vellore,M.JAGAN MOORTHY,AIADMK_NDA,K Seetharaman,DMK_ALLIANCE,84579,73997,10582,48.57,42.5
2021,46,Gudiyattam,Vellore,Amulu.V,DMK_ALLIANCE,Paritha.G,AIADMK_NDA,100412,93511,6901,47.45,44.19
2021,47,Vaniyambadi,Tirupattur,G.SENDHIL KUMAR,AIADMK_NDA,N.MOHAMMED NAYEEM,DMK_ALLIANCE,88018,83114,4904,46.33,43.74
2021,48,Ambur,Tirupattur,VILWANATHAN.A.C,DMK_ALLIANCE,NAZAR MOHAMED.K,AIADMK_NDA,90476,70244,20232,50.86,39.49
2021,49,Jolarpet,Tirupattur,DEVARAJI.K.,DMK_ALLIANCE,VEERAMANI.K.C.,AIADMK_NDA,89490,88399,1091,45.57,45.02
2021,50,Tirupattur,Tirupattur,A. NALLATHAMBI,DMK_ALLIANCE,T.K. RAJA,AIADMK_NDA,96522,68282,28240,51.91,36.72
2021,51,Uthangarai,Krishnagiri,T.M.TAMILSELVAM,AIADMK_NDA,S.Arumugam,DMK_ALLIANCE,99675,71288,28387,52.96,37.87
2021,52,Bargur,Krishnagiri,MATHIAZHAGAN D,DMK_ALLIANCE,KRISHNAN A,AIADMK_NDA,97256,84642,12614,49.17,42.8
2021,53,Krishnagiri,Krishnagiri,Ashokkumar.K,AIADMK_NDA,SENGUTTUVAN.T,DMK_ALLIANCE,96050,95256,794,45.38,45.01
2021,54,Veppanahalli,Krishnagiri,K.P.Munusamy,AIADMK_NDA,P.Murugan,DMK_ALLIANCE,94104,91050,3054,45.87,44.38
2021,55,Hosur,Krishnagiri,PRAKAASH Y,DMK_ALLIANCE,JYOTHI S,AIADMK_NDA,118231,105864,12367,47.65,42.67
2021,56,Thalli,Krishnagiri,RAMACHANDRAN.T,DMK_ALLIANCE,Dr.NAGESH KUMAR.C,AIADMK_NDA,120641,64415,56226,62.18,33.2
2021,57,Palacode,Dharmapuri,ANBALAGAN.K.P.,AIADMK_NDA,MURUGAN.P.K.,DMK_ALLIANCE,110070,81970,28100,53.28,39.68
2021,58,Pennagaram,Dharmapuri,MANI. G.K,AIADMK_NDA,INBASEKARAN. P.N.P,DMK_ALLIANCE,106123,84937,21186,50.46,40.39
2021,59,Dharmapuri,Dharmapuri,VENKATESHWARAN.S.P.,AIADMK_NDA,SUBRAMANI.P,DMK_ALLIANCE,105630,78770,26860,48.6,36.24
2021,60,Pappireddippatti,Dharmapuri,GOVINDASAMY.A,AIADMK_NDA,PRABHURAJASEKAR.M,DMK_ALLIANCE,114507,77564,36943,51.81,35.1
2021,61,Harur,Dharmapuri,SAMPATHKUMAR.V,AIADMK_NDA,KUMAR.A,DMK_ALLIANCE,99061,68699,30362,49.89,34.6
2021,62,Chengam,Tiruvannamalai,GIRI.M.P,DMK_ALLIANCE,NAINAKANNU.M.S,AIADMK_NDA,108081,96511,11570,48.26,43.09
2021,63,Tiruvannamalai,Tiruvannamalai,E V VELU,DMK_ALLIANCE,S THANIGAIVEL,AIADMK_NDA,137876,43203,94673,66.02,20.69
2021,64,Kilpennathur,Tiruvannamalai,K.Pitchandi,DMK_ALLIANCE,K.Selvakumar,AIADMK_NDA,104675,77888,26787,51.34,38.2
2021,65,Kalasapakkam,Tiruvannamalai,Saravanan.P.S.T,DMK_ALLIANCE,Panneerselvam.V,AIADMK_NDA,94134,84912,9222,47.92,43.23
2021,66,Polur,Tiruvannamalai,Agri KRISHNAMURTHY. S S,AIADMK_NDA,SEKARAN. K.V,DMK_ALLIANCE,97732,88007,9725,48.38,43.57
2021,67,Arani,Tiruvannamalai,S.RAMACHANDRAN,AIADMK_NDA,S.S.ANBALAGAN,DMK_ALLIANCE,102961,99833,3128,46.5,45.09
2021,68,Cheyyar,Tiruvannamalai,JOTHI. O,DMK_ALLIANCE,DUSI. K. MOHAN,AIADMK_NDA,102460,90189,12271,47.78,42.05
2021,69,Vandavasi,Tiruvannamalai,Ambethkumar S,DMK_ALLIANCE,Murali S,AIADMK_NDA,102064,66111,35953,54.88,35.55
2021,70,Gingee,Viluppuram,MASTHAN K S,DMK_ALLIANCE,RAJENDIRAN P,AIADMK_NDA,109625,73822,35803,52.99,35.68
2021,71,Mailam,Viluppuram,SIVAKUMAR C,AIADMK_NDA,Dr. MASILAMANI R,DMK_ALLIANCE,81044,78814,2230,45.79,44.53
2021,72,Tindivanam,Viluppuram,ARJUNAN P,AIADMK_NDA,SEETHAPATHY P,DMK_ALLIANCE,87152,77399,9753,47.74,42.4
2021,73,Vanur,Viluppuram,CHAKRAPANI M,AIADMK_NDA,VANNI ARASU,DMK_ALLIANCE,92219,70492,21727,50.61,38.69
2021,74,Viluppuram,Viluppuram,LAKSHMANAN R,DMK_ALLIANCE,SHANMUGAM C Ve,AIADMK_NDA,102271,87403,14868,49.92,42.66
2021,75,Vikravandi,Viluppuram,PUGAZHENTHI N,DMK_ALLIANCE,MUTHAMILSELVAN R,AIADMK_NDA,93730,84157,9573,48.41,43.47
2021,76,Tirukkoyilur,Viluppuram,K.PONMUDY,DMK_ALLIANCE,VAT.KALIVARADHAN,AIADMK_NDA,110980,51300,59680,56.56,26.14
2021,77,Ulundurpettai,Kallakurichi,MANIKANNAN A J,DMK_ALLIANCE,KUMARAGURU R,AIADMK_NDA,115451,110195,5256,47.15,45.0
2021,78,Rishivandiyam,Kallakurichi,KARTHIKEYAN K,DMK_ALLIANCE,SANTHOSH S A,AIADMK_NDA,113912,72184,41728,52.96,33.56
2021,79,Sankarapuram,Kallakurichi,UDHAYASURIYAN T,DMK_ALLIANCE,Dr.RAJA G,AIADMK_NDA,121186,75223,45963,56.16,34.86
2021,80,Kallakurichi,Kallakurichi,Senthilkumar.M,AIADMK_NDA,Manirathinem.K.I,DMK_ALLIANCE,110643,84752,25891,48.99,37.52
2021,81,Gangavalli,Salem,"NALLATHAMBI,A.",AIADMK_NDA,"REKHA PRIYADHARSHINI,J.",DMK_ALLIANCE,89568,82207,7361,48.02,44.08
2021,82,Attur,Salem,"JAYASANKARAN, A.P.",AIADMK_NDA,"CHINNADURAI, K.",DMK_ALLIANCE,95308,87051,8257,47.72,43.58
2021,83,Yercaud,Salem,G. Chitra,AIADMK_NDA,C. TAMILSELVAN,DMK_ALLIANCE,121561,95606,25955,50.88,40.02
2021,84,Omalur,Salem,R.MANI,AIADMK_NDA,RANGARAJAN MOHAN KUMARAMANGALAM,DMK_ALLIANCE,142488,87194,55294,57.22,35.01
2021,85,Mettur,Salem,SADHASIVAM.S,AIADMK_NDA,SRINIVASAPERUMAL.S,DMK_ALLIANCE,97055,96399,656,44.43,44.13
2021,86,Edappadi,Salem,EDAPPADI PALANISWAMI. K,AIADMK_NDA,SAMBATHKUMAR. T,DMK_ALLIANCE,163154,69352,93802,65.97,28.04
2021,87,Sankari,Salem,"SUNDARARAJAN, S.",AIADMK_NDA,"RAJESH, K.M.",DMK_ALLIANCE,115472,95427,20045,49.72,41.09
2021,88,Salem West,Salem,ARUL. R,AIADMK_NDA,RAJENDRAN. A,DMK_ALLIANCE,105483,83984,21499,48.69,38.77
2021,89,Salem North,Salem,R. RAJENDRAN,DMK_ALLIANCE,G.VENKATACHALAM,AIADMK_NDA,93432,85844,7588,46.17,42.42
2021,90,Salem South,Salem,E.BALASUBRAMANIAN,AIADMK_NDA,A.S.SARAVANAN,DMK_ALLIANCE,97506,74897,22609,48.76,37.45
2021,91,Veerapandi,Salem,"RAJAMUTHU, M.",AIADMK_NDA,"THARUN, A.K.",DMK_ALLIANCE,111682,91787,19895,49.92,41.03
2021,92,Rasipuram,Namakkal,MATHIVENTHAN M,DMK_ALLIANCE,SAROJA V. Dr,AIADMK_NDA,90727,88775,1952,46.08,45.09
2021,93,Senthamangalam,Namakkal,PONNUSAMY K,DMK_ALLIANCE,CHANDRAN S,AIADMK_NDA,90681,80188,10493,45.51,40.25
2021,94,Namakkal,Namakkal,RAMALINGAM P,DMK_ALLIANCE,BASKAR K.P.P.,AIADMK_NDA,106494,78633,27861,51.51,38.03
2021,95,Paramathi-Velur,Namakkal,SEKAR S,AIADMK_NDA,MOORTHIY K S,DMK_ALLIANCE,86034,78372,7662,46.83,42.66
2021,96,Tiruchengodu,Namakkal,ESWARAN E R,DMK_ALLIANCE,SARASWATHI PON,AIADMK_NDA,81688,78826,2862,44.23,42.69
2021,97,Kumarapalayam,Namakkal,THANGAMANI.P,AIADMK_NDA,M.VENKATACHALAM,DMK_ALLIANCE,100800,69154,31646,49.92,34.25
2021,98,Erode East,Erode,"THIRUMAHAN EVERAA,E.",DMK_ALLIANCE,"YUVARAJA,M.",AIADMK_NDA,67300,58396,8904,44.27,38.41
2021,99,Erode West,Erode,Muthusamy S,DMK_ALLIANCE,Ramalingam K V,AIADMK_NDA,100757,78668,22089,49.01,38.27
2021,100,Modakkurichi,Erode,SARASWATHI.C,AIADMK_NDA,SUBBULAKSHMI JEGADEESAN,DMK_ALLIANCE,78125,77844,281,42.96,42.81
2021,101,Dharapuram,Tiruppur,KAYALVIZHI N,DMK_ALLIANCE,MURUGAN L,AIADMK_NDA,89986,88593,1393,46.39,45.67
2021,102,Kangayam,Tiruppur,SAMINATHAN.M.P,DMK_ALLIANCE,RAMALINGAM.A.S,AIADMK_NDA,94197,86866,7331,47.14,43.47
2021,103,Perundurai,Erode,"JAYAKUMAR, S.",AIADMK_NDA,KKC BALU,DMK_ALLIANCE,85125,70618,14507,44.84,37.2
2021,104,Bhavani,Erode,KARUPPANAN.K.C,AIADMK_NDA,DURAIRAJ.K.P,DMK_ALLIANCE,100915,78392,22523,50.11,38.93
2021,105,Anthiyur,Erode,VENKATACHALAM.A.G,DMK_ALLIANCE,SHANMUGAVEL.K.S,AIADMK_NDA,79096,77821,1275,44.84,44.12
2021,106,Gobichettipalayam,Erode,SENGOTTAIYAN K.A,AIADMK_NDA,MANIMARAN G.V,DMK_ALLIANCE,108608,80045,28563,50.68,37.36
2021,107,Bhavanisagar,Erode,A.Bannari,AIADMK_NDA,P.L SUNDARAM,DMK_ALLIANCE,99181,83173,16008,49.45,41.47
2021,108,Udhagamandalam,The Nilgiris,"GANESH, R.",DMK_ALLIANCE,"BHOJARAJAN, M.",AIADMK_NDA,65530,60182,5348,46.44,42.65
2021,109,Gudalur,The Nilgiris,PON.JAYASEELAN,AIADMK_NDA,"KASILINGAM, S.",DMK_ALLIANCE,64496,62551,1945,46.65,45.24
2021,110,Coonoor,The Nilgiris,"Ramachandran, K.",DMK_ALLIANCE,"Vinoth, D.",AIADMK_NDA,61820,57715,4105,45.49,42.47
2021,111,Mettuppalayam,Coimbatore,SELVARAJ A K,AIADMK_NDA,SHANMUGASUNDARAM T R,DMK_ALLIANCE,105231,102775,2456,46.75,45.66
2021,112,Avanashi,Tiruppur,"DHANAPAL, P",AIADMK_NDA,ATHIYAMAAN RAJU,DMK_ALLIANCE,117284,66382,50902,55.16,31.22
2021,113,Tiruppur North,Tiruppur,VIJEYAKUMAR.K.N,AIADMK_NDA,RAVI (Alias) SUBRAMANIAN . M,DMK_ALLIANCE,113384,73282,40102,47.62,30.78
2021,114,Tiruppur South,Tiruppur,SELVARAJ. K.,DMK_ALLIANCE,GUNASEKARAN. S.,AIADMK_NDA,75535,70826,4709,43.31,40.61
2021,115,Palladam,Tiruppur,ANANDAN M S M,AIADMK_NDA,MUTHURATHINAM K,DMK_ALLIANCE,126903,94212,32691,48.53,36.03
2021,116,Sulur,Coimbatore,KANDASAMY V.P.,AIADMK_NDA,PREMIER SELVAM (a)KALICHAMY M,DMK_ALLIANCE,118968,87036,31932,49.23,36.02
2021,117,Kavundampalayam,Coimbatore,G.Arunkumar,AIADMK_NDA,R.Krishnan,DMK_ALLIANCE,135669,125893,9776,43.78,40.62
2021,118,Coimbatore North,Coimbatore,AMMAN K.ARJUNAN,AIADMK_NDA,SHANMUGASUNDARAM V.M,DMK_ALLIANCE,81454,77453,4001,40.16,38.19
2021,119,Thondamuthur,Coimbatore,S.P. VELUMANI,AIADMK_NDA,KARTHIKEYA,DMK_ALLIANCE,124225,82595,41630,53.89,35.83
2021,120,Coimbatore South,Coimbatore,VANATHI SRINIVASAN,AIADMK_NDA,KAMALHAASAN,OTHERS,53209,51481,1728,34.38,33.26
2021,121,Singanallur,Coimbatore,"Jayaram, K.R",AIADMK_NDA,"Karthik, N",DMK_ALLIANCE,81244,70390,10854,40.22,34.84
2021,122,Kinathukadavu,Coimbatore,Damodaran.S,AIADMK_NDA,Kuruchi Prabhakaran,DMK_ALLIANCE,101537,100442,1095,43.68,43.21
2021,123,Pollachi,Coimbatore,Pollachi V. Jayaraman,AIADMK_NDA,"Dr. Varadharajan, K.",DMK_ALLIANCE,80567,78842,1725,45.44,44.47
2021,124,Valparai,Coimbatore,AMULKANDASAMI T K,AIADMK_NDA,ARUMUGAM M,DMK_ALLIANCE,71672,59449,12223,49.37,40.95
2021,125,Udumalaipettai,Tiruppur,"Radhakrishnan,K.",AIADMK_NDA,"Thennarasu,K.",DMK_ALLIANCE,96893,74998,21895,49.85,38.59
2021,126,Madathukulam,Tiruppur,C MAHENDRAN,AIADMK_NDA,R.JAYARAMAKRISHNAN,DMK_ALLIANCE,84313,77875,6438,46.35,42.81
2021,127,Palani,Dindigul,SENTHIL KUMAR I.P,DMK_ALLIANCE,RAVI MANOHARAN K,AIADMK_NDA,108566,78510,30056,52.86,38.23
2021,128,Oddanchatram,Dindigul,SAKKARAPANI R,DMK_ALLIANCE,NATARAJ N.P,AIADMK_NDA,109970,81228,28742,54.51,40.26
2021,129,Athoor,Dindigul,PERIYASAMY I,DMK_ALLIANCE,THILAGABAMA M,AIADMK_NDA,165809,30238,135571,72.11,13.15
2021,130,Nilakkottai,Dindigul,S.Thenmozhi,AIADMK_NDA,K.Murugavelrajan,DMK_ALLIANCE,91461,63843,27618,49.49,34.55
2021,131,Natham,Dindigul,NATHAM.R.VISWANATHAN,AIADMK_NDA,M.A.ANDI AMBALAM,DMK_ALLIANCE,107762,95830,11932,47.84,42.54
2021,132,Dindigul,Dindigul,SREENIVASAN.C,AIADMK_NDA,PANDI.N,DMK_ALLIANCE,90595,72848,17747,46.43,37.34
2021,133,Vedasandur,Dindigul,GANDHIRAJAN S,DMK_ALLIANCE,PARAMASIVAM V P B,AIADMK_NDA,106481,88928,17553,49.97,41.73
2021,134,Aravakurichi,Karur,ELANGO. R,DMK_ALLIANCE,ANNAMALAI. K,AIADMK_NDA,93369,68553,24816,52.72,38.71
2021,135,Karur,Karur,SENTHILBALAJI V,DMK_ALLIANCE,VIJAYABHASKAR. M.R,AIADMK_NDA,101757,89309,12448,49.08,43.08
2021,136,Krishnarayapuram,Karur,SIVAGAMA SUNDARI.K,DMK_ALLIANCE,MUTHUKUMAR,AIADMK_NDA,96540,64915,31625,53.37,35.88
2021,137,Kulithalai,Karur,R.Manickam,DMK_ALLIANCE,N.R.Chandrasekar,AIADMK_NDA,100829,77289,23540,51.06,39.14
2021,138,Manapparai,Tiruchirappalli,ABDUL SAMAD P,DMK_ALLIANCE,CHANDRASEKAR.R,AIADMK_NDA,98077,85834,12243,44.23,38.71
2021,139,Srirangam,Tiruchirappalli,Palaniyandi.M,DMK_ALLIANCE,KuPa Krishnan,AIADMK_NDA,113904,93989,19915,47.41,39.12
2021,140,Tiruchirappalli West,Tiruchirappalli,"Nehru, K.N.",DMK_ALLIANCE,"Padmanathan, V.",AIADMK_NDA,118133,33024,85109,64.52,18.04
2021,141,Tiruchirappalli East,Tiruchirappalli,"INIGO IRUDAYARAJ,S.",DMK_ALLIANCE,"VELLAMANDI NATARAJAN,N.",AIADMK_NDA,94302,40505,53797,54.56,23.43
2021,142,Thiruverumbur,Tiruchirappalli,ANBIL MAHESH POYYAMOZHI,DMK_ALLIANCE,P KUMAR,AIADMK_NDA,105424,55727,49697,53.51,28.29
2021,143,Lalgudi,Tiruchirappalli,A.SOUNDARAPANDIAN,DMK_ALLIANCE,D.R.DHARMARAJ,AIADMK_NDA,84914,67965,16949,48.59,38.89
2021,144,Manachanallur,Tiruchirappalli,S. KATHIRAVAN,DMK_ALLIANCE,M. PARANJOTHI,AIADMK_NDA,116334,56716,59618,59.14,28.83
2021,145,Musiri,Tiruchirappalli,N. Thiyagarajan,DMK_ALLIANCE,M. Selvarasu,AIADMK_NDA,90624,63788,26836,50.43,35.5
2021,146,Thuraiyur,Tiruchirappalli,S.STALINKUMAR,DMK_ALLIANCE,T.INDRAGANDHI,AIADMK_NDA,87786,65715,22071,49.91,37.36
2021,147,Perambalur,Perambalur,"PRABHAHARAN, M.",DMK_ALLIANCE,"THAMIZHSELVAN, R.",AIADMK_NDA,122090,91056,31034,50.87,37.94
2021,148,Kunnam,Perambalur,"SIVASANKAR, S.S.",DMK_ALLIANCE,"RAMACHANDRAN, R.T.",AIADMK_NDA,103922,97593,6329,47.26,44.38
2021,149,Ariyalur,Ariyalur,CHINNAPPA K,DMK_ALLIANCE,RAJENDRAN S,AIADMK_NDA,103975,100741,3234,46.16,44.73
2021,150,Jayankondam,Ariyalur,KANNAN KA SO KA,DMK_ALLIANCE,BALU K,AIADMK_NDA,99529,94077,5452,46.0,43.48
2021,151,Tittakudi,Cuddalore,"GANESAN,  C.V.",DMK_ALLIANCE,"PERIYASAMY,  D.",AIADMK_NDA,83726,62163,21563,49.78,36.96
2021,152,Vriddhachalam,Cuddalore,Radhakrishnan,DMK_ALLIANCE,Karthikeyan. J,AIADMK_NDA,77064,76202,862,39.17,38.73
2021,153,Neyveli,Cuddalore,SABA.RAJENDRAN,DMK_ALLIANCE,JAGAN.K,AIADMK_NDA,75177,74200,977,45.8,45.21
2021,154,Panruti,Cuddalore,VELMURUGAN.T,DMK_ALLIANCE,RAJENDRAN.R,AIADMK_NDA,93801,89104,4697,47.6,45.22
2021,155,Cuddalore,Cuddalore,G.IYAPPAN,DMK_ALLIANCE,M.C.SAMPATH,AIADMK_NDA,84563,79412,5151,46.46,43.63
2021,156,Kurinjipadi,Cuddalore,M.R.K.PANNEERSELVAM,DMK_ALLIANCE,SELVI RAMAJAYAM,AIADMK_NDA,101456,83929,17527,51.04,42.22
2021,157,Bhuvanagiri,Cuddalore,Arunmozhithevan. A,AIADMK_NDA,Saravanan. Durai.K,DMK_ALLIANCE,96453,88194,8259,48.92,44.73
2021,158,Chidambaram,Cuddalore,K.A. PANDIAN,AIADMK_NDA,S. ABDUL RAHMAN,DMK_ALLIANCE,91961,75024,16937,50.16,40.92
2021,159,Kattumannarkoil,Cuddalore,SINTHANAI SELVAN,DMK_ALLIANCE,N. MURUGUMARAN,AIADMK_NDA,86056,75491,10565,49.02,43.0
2021,160,Sirkazhi,Mayiladuthurai,PANNEERSELVAM,DMK_ALLIANCE,P.V.BHARATHI,AIADMK_NDA,94057,81909,12148,49.16,42.81
2021,161,Mayiladuthurai,Mayiladuthurai,Rajakumar.S,DMK_ALLIANCE,Palanisamy.A,AIADMK_NDA,73642,70900,2742,42.17,40.6
2021,162,Poompuhar,Mayiladuthurai,Nivedha M. Murugan,DMK_ALLIANCE,S.Pavunraj,AIADMK_NDA,96102,92803,3299,46.24,44.65
2021,163,Nagapattinam,Nagapattinam,J. Mohamed Shanavas,DMK_ALLIANCE,Thanka.kathiravan,AIADMK_NDA,66281,59043,7238,46.17,41.13
2021,164,Kilvelur,Nagapattinam,NAGAIMAALI V P,DMK_ALLIANCE,VADIVEL RAVANAN  S,AIADMK_NDA,67988,51003,16985,47.55,35.67
2021,165,Vedaranyam,Nagapattinam,O.S.MANIAN,AIADMK_NDA,S.K.VETHARATHINAM,DMK_ALLIANCE,78719,66390,12329,49.8,42.0
2021,166,Thiruthuraipoondi,Thiruvarur,MARIMUTHU K,DMK_ALLIANCE,SURESH KUMAR C,AIADMK_NDA,97092,67024,30068,52.23,36.06
2021,167,Mannargudi,Thiruvarur,RAJAA T R B,DMK_ALLIANCE,RAJAMANICKAM  SIVA,AIADMK_NDA,87172,49779,37393,45.11,25.76
2021,168,Thiruvarur,Thiruvarur,KALAIVANAN  POONDI  K.,DMK_ALLIANCE,PANNERSELVAM A.N.R.,AIADMK_NDA,108906,57732,51174,52.29,27.72
2021,169,Nannilam,Thiruvarur,KAMARAJ R,AIADMK_NDA,JOTHIRAMAN  S,DMK_ALLIANCE,103637,99213,4424,46.7,44.7
2021,170,Thiruvidaimarudur,Thanjavur,"CHEZHIAAN,  GOVI.",DMK_ALLIANCE,"UNION VEERAMANI, S.",AIADMK_NDA,95763,85083,10680,48.26,42.87
2021,171,Kumbakonam,Thanjavur,"ANBALAGAN, G.",DMK_ALLIANCE,"SRITHAR VANDAYAR, G.M.",AIADMK_NDA,96057,74674,21383,48.62,37.8
2021,172,Papanasam,Thanjavur,"Dr.JAWAHIRULLAH, M.H.",DMK_ALLIANCE,"GOPINATHAN, K.",AIADMK_NDA,86567,70294,16273,43.95,35.69
2021,173,Thiruvaiyaru,Thanjavur,DURAI.CHANDRASEKARAN,DMK_ALLIANCE,"VENKATESAN, S.",AIADMK_NDA,103210,49560,53650,48.82,23.44
2021,174,Thanjavur,Thanjavur,"NEELAMEGAM, T.K.G.",DMK_ALLIANCE,"ARIVUDAINAMBI, V.",AIADMK_NDA,103772,56623,47149,53.25,29.06
2021,175,Orathanadu,Thanjavur,"VAITHILINGAM, R.",AIADMK_NDA,"RAMCHANDRAN, M.",DMK_ALLIANCE,90063,61228,28835,46.95,31.92
2021,176,Pattukkottai,Thanjavur,"ANNADURAI, K.",DMK_ALLIANCE,"RENGARAJAN, N.R.",AIADMK_NDA,79065,53796,25269,44.62,30.36
2021,177,Peravurani,Thanjavur,"ASHOKKUMAR, N.",DMK_ALLIANCE,"THIRUGNANASAMBANDAM, S.V.",AIADMK_NDA,89130,65627,23503,52.17,38.41
2021,178,Gandharvakottai,Pudukkottai,M.Chinnadurai,DMK_ALLIANCE,S.Jayabharathi,AIADMK_NDA,69710,56989,12721,44.23,36.16
2021,179,Viralimalai,Pudukkottai,VIJAYA BASKER C,AIADMK_NDA,PALANIAPPAN,DMK_ALLIANCE,102179,78581,23598,52.83,40.63
2021,180,Pudukkottai,Pudukkottai,V . MUTHURAJA,DMK_ALLIANCE,KARTHIK THONDAIMAN,AIADMK_NDA,85802,72801,13001,47.7,40.47
2021,181,Thirumayam,Pudukkottai,S.REGUPATHY,DMK_ALLIANCE,P.K.VAIRAMUTHU,AIADMK_NDA,71349,69967,1382,41.0,40.2
2021,182,Alangudi,Pudukkottai,SIVA.V.MEYYANATHAN,DMK_ALLIANCE,DHARMA THANGAVEL,AIADMK_NDA,87935,62088,25847,51.17,36.13
2021,183,Aranthangi,Pudukkottai,RAMACHANDRAN T,DMK_ALLIANCE,RAJANAYAGAM M,AIADMK_NDA,81835,50942,30893,48.7,30.31
2021,184,Karaikudi,Sivaganga,S.Mangudi,DMK_ALLIANCE,H.Raja,AIADMK_NDA,75954,54365,21589,35.75,25.59
2021,185,Tiruppattur,Sivaganga,KR.PERIYAKARUPPAN,DMK_ALLIANCE,MARUDHU ALAGURAJ,AIADMK_NDA,103682,66308,37374,49.19,31.46
2021,186,Sivaganga,Sivaganga,PR. Senthilnathan,AIADMK_NDA,S. Gunasekaran,DMK_ALLIANCE,82153,70900,11253,40.66,35.09
2021,187,Manamadurai,Sivaganga,Tamilarasi A.,DMK_ALLIANCE,Nagarajan S.,AIADMK_NDA,89364,75273,14091,44.01,37.07
2021,188,Melur,Madurai,PERIYAPULLAN @ SELVAM  P.,AIADMK_NDA,RAVICHANDRAN  T.,DMK_ALLIANCE,83344,48182,35162,45.6,26.36
2021,189,Madurai East,Madurai,MOORTHY P,DMK_ALLIANCE,GOPALAKRISHNAN R,AIADMK_NDA,122729,73125,49604,51.59,30.74
2021,190,Sholavandan,Madurai,VENKATESAN A,DMK_ALLIANCE,MANICKAM K,AIADMK_NDA,84240,67195,17045,48.04,38.32
2021,191,Madurai North,Madurai,THALAPATHI G,DMK_ALLIANCE,SARAVANAN P,AIADMK_NDA,73010,50094,22916,46.64,32.0
2021,192,Madurai South,Madurai,BOOMINATHAN.M,DMK_ALLIANCE,SARAVANAN. S.S,AIADMK_NDA,62812,56297,6515,42.49,38.08
2021,193,Madurai Central,Madurai,PALANIVEL THIAGA RAJAN,DMK_ALLIANCE,JOTHI MUTHURAMALINGAM N,AIADMK_NDA,73205,39029,34176,48.99,26.12
2021,194,Madurai West,Madurai,RAJU. K,AIADMK_NDA,CHINNAMMAL. C,DMK_ALLIANCE,83883,74762,9121,41.59,37.07
2021,195,Thiruparankundram,Madurai,"RAJANCHELLAPPA, V.V.",AIADMK_NDA,PONNUTHAI,DMK_ALLIANCE,103683,74194,29489,43.96,31.46
2021,196,Thirumangalam,Madurai,UDHAYAKUMAR R B,AIADMK_NDA,MANIMARAN M,DMK_ALLIANCE,100338,86251,14087,45.51,39.12
2021,197,Usilampatti,Madurai,AYYAPPAN P,AIADMK_NDA,KATHIRAVAN P V,DMK_ALLIANCE,71255,63778,7477,33.53,30.01
2021,198,Andipatti,Theni,A.MAHARAJAN,DMK_ALLIANCE,A.LOGIRAJAN,AIADMK_NDA,93541,85003,8538,44.64,40.57
2021,199,Periyakulam,Theni,K.S.SARAVANAKUMAAR,DMK_ALLIANCE,M Murugan,AIADMK_NDA,92251,70930,21321,45.71,35.15
2021,200,Bodinayakanur,Theni,O.PANNEERSELVAM,AIADMK_NDA,THANGATAMILSELVAN,DMK_ALLIANCE,100050,89029,11021,46.58,41.45
2021,201,Cumbum,Theni,N.Ramakrishnan,DMK_ALLIANCE,Syedukhan.S.P.M,AIADMK_NDA,104800,62387,42413,51.81,30.84
2021,202,Rajapalayam,Virudhunagar,THANGAPANDIAN S.,DMK_ALLIANCE,RAJENTHRABHALAJI K.T,AIADMK_NDA,74158,70260,3898,41.5,39.32
2021,203,Srivilliputhur,Virudhunagar,"MANRAJ, E.M.",AIADMK_NDA,"MADHAVARAO, P.S.W.",DMK_ALLIANCE,70475,57737,12738,38.09,31.2
2021,204,Sattur,Virudhunagar,"RAGHURAMAN,  A.R.R.",DMK_ALLIANCE,"RAVICHANDHRAN, R.K.",AIADMK_NDA,74174,62995,11179,38.68,32.85
2021,205,Sivakasi,Virudhunagar,Ashokan.G,DMK_ALLIANCE,Lakshmi Ganesan,AIADMK_NDA,78947,61628,17319,42.66,33.3
2021,206,Virudhunagar,Virudhunagar,SEENIVASAN A.R.R,DMK_ALLIANCE,PANDURANGAN G,AIADMK_NDA,73297,51958,21339,45.32,32.13
2021,207,Aruppukkottai,Virudhunagar,K.K.S.S.R.RAMACHANDRAN,DMK_ALLIANCE,VAIGAICHELVAN,AIADMK_NDA,91040,52006,39034,53.18,30.38
2021,208,Tiruchuli,Virudhunagar,THANGAM THENARASU,DMK_ALLIANCE,RAJASEKAR S,AIADMK_NDA,102225,41233,60992,59.15,23.86
2021,209,Paramakudi,Ramanathapuram,MURUGESAN S,DMK_ALLIANCE,SADHAN PRABHAKAR N,AIADMK_NDA,84864,71579,13285,46.59,39.3
2021,210,Tiruvadanai,Ramanathapuram,KARUMANICKAM,DMK_ALLIANCE,K C ANIMUTHU,AIADMK_NDA,79364,65512,13852,39.33,32.46
2021,211,Ramanathapuram,Ramanathapuram,KATHARBATCHA MUTHURAMALINGAM,DMK_ALLIANCE,D.KUPPURAMU,AIADMK_NDA,111082,60603,50479,51.88,28.31
2021,212,Mudhukulathur,Ramanathapuram,R.S.RAJAKANNAPPAN,DMK_ALLIANCE,KEERTHIKA,AIADMK_NDA,101901,81180,20721,46.06,36.7
2021,213,Vilathikulam,Thoothukudi,MARKANDAYAN V,DMK_ALLIANCE,CHINNAPPAN P,AIADMK_NDA,90348,51799,38549,54.05,30.99
2021,214,Thoothukkudi,Thoothukudi,P.Geetha Jeevan,DMK_ALLIANCE,SDR Vijayaseelan,AIADMK_NDA,92314,42004,50310,49.0,22.29
2021,215,Tiruchendur,Thoothukudi,Anitha R. Radhakrishnan,DMK_ALLIANCE,Radhakrishnan M,AIADMK_NDA,88274,63011,25263,50.58,36.1
2021,216,Srivaikuntam,Thoothukudi,Amirtharaj .S,DMK_ALLIANCE,S.P.SHUNMUGANATHAN,AIADMK_NDA,76843,59471,17372,46.75,36.18
2021,217,Ottapidaram,Thoothukudi,SHUNMUGAIAH C,DMK_ALLIANCE,MOHAN P,AIADMK_NDA,73110,64600,8510,41.11,36.32
2021,218,Kovilpatti,Thoothukudi,KADAMBUR RAJU,AIADMK_NDA,TTV DHINAKARAN,OTHERS,68556,56153,12403,37.89,31.04
2021,219,Sankarankovil,Tenkasi,RAJA E,DMK_ALLIANCE,RAJALAKSHMI V M,AIADMK_NDA,71347,66050,5297,38.92,36.03
2021,220,Vasudevanallur,Tenkasi,"SADHAN THIRUMALAIKUMAR, DOCTOR.T",DMK_ALLIANCE,MANOHARAN A,AIADMK_NDA,68730,66363,2367,39.08,37.73
2021,221,Kadayanallur,Tenkasi,C.KRISHNAMURALI,AIADMK_NDA,K.A.M.MUHAMMED ABUBACKER,DMK_ALLIANCE,88474,64125,24349,43.08,31.22
2021,222,Tenkasi,Tenkasi,PALANI NADAR.S,DMK_ALLIANCE,SELVA MOHANDAS PANDIAN.S,AIADMK_NDA,89315,88945,370,41.71,41.54
2021,223,Alangulam,Tenkasi,PAUL MANOJ PANDIAN,AIADMK_NDA,DR.POONGOTHAI ALADI ARUNA,DMK_ALLIANCE,74153,70614,3539,36.44,34.7
2021,224,Tirunelveli,Tirunelveli,Nainar Nagenthran,AIADMK_NDA,"Lakshmanan,A.L.S.",DMK_ALLIANCE,92282,69175,23107,46.7,35.01
2021,225,Ambasamudram,Tirunelveli,E.SUBAYA,AIADMK_NDA,R.AVUDAIAPPAN,DMK_ALLIANCE,85211,68296,16915,47.96,38.44
2021,226,Palayamkottai,Tirunelveli,ABDUL WAHAB .M,DMK_ALLIANCE,GERALD .G,AIADMK_NDA,89117,36976,52141,55.32,22.95
2021,227,Nanguneri,Tirunelveli,RUBY R MANOHARAN,DMK_ALLIANCE,GANESARAJA,AIADMK_NDA,75902,59416,16486,39.43,30.86
2021,228,Radhapuram,Tirunelveli,M.Appavu,DMK_ALLIANCE,I.S.Inbadurai,AIADMK_NDA,82331,76406,5925,43.95,40.79
2021,229,Kanniyakumari,Kanniyakumari,THALAVAI SUNDARAM N.,AIADMK_NDA,AUSTIN S.,DMK_ALLIANCE,109745,93532,16213,48.8,41.59
2021,230,Nagercoil,Kanniyakumari,Gandhi M.R.,AIADMK_NDA,Suresh Rajan N.,DMK_ALLIANCE,88804,77135,11669,48.21,41.88
2021,231,Colachal,Kanniyakumari,Prince J.G.,DMK_ALLIANCE,Ramesh P.,AIADMK_NDA,90681,65849,24832,49.56,35.99
2021,232,Padmanabhapuram,Kanniyakumari,"Mano Thangaraj, T.",DMK_ALLIANCE,"John Thankam, D.",AIADMK_NDA,87744,60859,26885,51.57,35.77
2021,233,Vilavancode,Kanniyakumari,VIJAYADHARANI S,DMK_ALLIANCE,JAYASEELAN R,AIADMK_NDA,87473,58804,28669,52.12,35.04
2021,234,Killiyoor,Kanniyakumari,RAJESH KUMAR  S,DMK_ALLIANCE,JUDE DEV   K.V,AIADMK_NDA,101541,46141,55400,59.76,27.15
