ac_no,ac_name,district,region,reservation,urban_rural_type,total_voters,male_voters,female_voters,gender_gap,first_time_voters,winner_2016,winner_party_2016,runner_up_2016,runner_up_party_2016,winner_votes_2016,runner_up_votes_2016,margin_votes_2016,margin_pct_2016,turnout_pct_2016,dmk_vote_share_2016,aiadmk_vote_share_2016,bjp_vote_share_2016,congress_vote_share_2016,ntk_vote_share_2016,others_vote_share_2016,winner_2021,winner_party_2021,runner_up_2021,runner_up_party_2021,winner_votes_2021,runner_up_votes_2021,margin_votes_2021,margin_pct_2021,turnout_pct_2021,dmk_vote_share_2021,aiadmk_vote_share_2021,bjp_vote_share_2021,congress_vote_share_2021,ntk_vote_share_2021,others_vote_share_2021
1,Gummidipoondi,Tiruvallur,Chennai_Metro,GEN,needs_source,,,,,,VIJAYAKUMAR K S,AIADMK,SEKAR C H,DMK,89332.0,65937.0,23395.0,10.91,82.15,30.7617,41.6762,0.976,0.0,0.5832,26.0029,GOVINDARAJAN T.J,DMK,PRAKASH M,PMK,126452,75514,50938,22.94,78.08,56.9427,0.0,0.0,0.0,5.2691,37.7882
2,Ponneri,Tiruvallur,Chennai_Metro,SC,needs_source,,,,,,BALARAMAN P,AIADMK,PARIMALAM K DOCTOR,DMK,95979.0,76643.0,19336.0,9.78,78.93,38.7775,48.5606,1.0458,0.0,0.8196,10.7965,DURAI. CHANDRASEKAR,INC,BALARAMAN. P,AIADMK,94528,84839,9689,4.61,78.2,0.0,40.3315,0.0,44.9376,9.0452,5.6857
3,Tiruttani,Tiruvallur,Chennai_Metro,GEN,needs_source,,,,,,NARASIMHAN P M,AIADMK,CHIDAMBARAM A G,INC,93045.0,69904.0,23141.0,10.4,80.93,0.0,41.8351,2.4842,31.4304,0.4842,23.7661,S.Chandran,DMK,G.Hari,AIADMK,120314,91061,29253,12.58,78.76,51.7204,39.1451,0.0,0.0,5.1615,3.973
4,Thiruvallur,Tiruvallur,Chennai_Metro,GEN,needs_source,,,,,,RAAJENDRAN V G,DMK,BASKARAN A,AIADMK,80473.0,75335.0,5138.0,2.49,80.08,39.0183,36.5271,0.8854,0.0,0.7035,22.8657,"RAAJENDRAN, V.G.",DMK,"RAMANAH, BE VEE",AIADMK,107709,85008,22701,10.6,77.2,50.2742,39.6783,0.0,0.0,7.0145,3.033
5,Poonamallee,Tiruvallur,Chennai_Metro,SC,needs_source,,,,,,ELUMALAI T A,AIADMK,PARANTHAMEN I,DMK,103952.0,92189.0,11763.0,4.9,76.01,38.4142,43.3157,1.4401,0.0,1.0676,15.7624,Krishnaswamy A,DMK,Rajamannar S X,PMK,149578,55468,94110,35.68,72.99,56.715,0.0,0.0,0.0,11.3261,31.9589
6,Avadi,Tiruvallur,Chennai_Metro,GEN,needs_source,,,,,,PANDIA RAJAN K,AIADMK,NASAR S M,DMK,108064.0,106669.0,1395.0,0.52,67.92,39.4002,39.9155,2.6713,0.0,1.5887,16.4243,Nasar S M,DMK,Pandiarajan K,AIADMK,150287,95012,55275,18.37,67.37,49.9413,31.5731,0.0,0.0,9.9981,8.4875
7,Maduravoyal,Tiruvallur,Chennai_Metro,GEN,needs_source,,,,,,BENJAMIN P,AIADMK,RAJESH R,INC,99739.0,91337.0,8402.0,3.38,61.81,0.0,40.1208,0.0,36.741,2.4864,20.6518,GANAPATHY.K,DMK,BENJAMIN.P,AIADMK,121298,89577,31721,11.58,60.3,44.2904,32.7079,0.0,0.0,7.6843,15.3174
8,Ambattur,Tiruvallur,Chennai_Metro,GEN,needs_source,,,,,,ALEXANDER V,AIADMK,AASSAN MAULAANA,INC,94375.0,76877.0,17498.0,7.62,63.9,0.0,41.0984,4.1645,33.4783,2.1966,19.0622,JOSEPH SAMUEL,DMK,V ALEXANDER,AIADMK,114554,72408,42146,17.54,62.01,47.6714,30.1325,0.0,0.0,9.447,12.7491
9,Madavaram,Tiruvallur,Chennai_Metro,GEN,needs_source,,,,,,SUDHARSANAM S,DMK,DHAKSHNAMOORTHY D,AIADMK,122082.0,106829.0,15253.0,5.68,68.5,45.4313,39.7551,1.9206,0.0,1.3758,11.5172,SUDHARSANAM. S,DMK,Moorthy. V,AIADMK,151485,94414,57071,18.85,66.37,50.0446,31.1906,0.0,0.0,9.0694,9.6954
10,Thiruvottiyur,Tiruvallur,Chennai_Metro,GEN,needs_source,,,,,,SAMY.K.P.P,DMK,BALRAJ.B,AIADMK,82205.0,77342.0,4863.0,2.56,66.92,43.2519,40.6933,1.7431,0.0,2.0841,12.2276,K.P.SHANKAR,DMK,K.KUPPAN,AIADMK,88185,50524,37661,18.83,65.15,44.0934,25.2625,0.0,0.0,24.299,6.3451
11,Dr. Radhakrishnan Nagar,Chennai,Chennai_Metro,GEN,needs_source,,,,,,JAYALALITHAA J,AIADMK,SHIMLA MUTHUCHOZHAN,DMK,97218.0,57673.0,39545.0,22.73,68.36,33.1425,55.8676,1.6826,0.0,1.4441,7.8632,EBENEZER. J.J. (@)  JOHN EBENEZER.J,DMK,RAAJESH.R.S.,AIADMK,95763,53284,42479,22.71,70.98,51.2028,28.49,0.0,0.0,10.9273,9.3799
12,Perambur,Chennai,Chennai_Metro,GEN,needs_source,,,,,,P VETRIVEL,AIADMK,N R DHANAPALAN,DMK,79974.0,79455.0,519.0,0.28,64.95,42.1108,42.3858,2.4284,0.0,1.7151,11.3599,SHEKAR. R.D,DMK,DHANAPALAN N.R,AIADMK,105267,50291,54976,27.43,63.0,52.5319,25.0969,0.0,0.0,9.8914,12.4798
13,Kolathur,Chennai,Chennai_Metro,GEN,needs_source,,,,,,STALIN.M.K,DMK,PRABHAKAR.J.C.D,AIADMK,91303.0,53573.0,37730.0,22.42,64.77,54.2476,31.8303,3.1425,0.0,1.6797,9.0999,M.K. STALIN,DMK,AADIRAJARAM,AIADMK,105522,35138,70384,40.59,61.04,60.8589,20.2655,0.0,0.0,6.5051,12.3705
14,Villivakkam,Chennai,Chennai_Metro,GEN,needs_source,,,,,,B. RANGANATHAN,DMK,THADI M.RAJU,AIADMK,65972.0,56651.0,9321.0,6.21,59.88,43.9567,37.7462,4.2896,0.0,2.0002,12.0073,A . Vetriazhagan,DMK,J.C.D.Prabhakar,AIADMK,76127,38890,37237,25.84,55.92,52.8322,26.9897,0.0,0.0,7.5743,12.6038
15,Thiru-Vi-Ka-Nagar,Chennai,Chennai_Metro,SC,needs_source,,,,,,SIVAKUMAR P @ THAYAGAM KAVI,DMK,NEELAKANDAN V,AIADMK,61744.0,58422.0,3322.0,2.43,63.47,45.2503,42.8157,0.0,0.0,1.3419,10.5921,SIVAKUMAR.P,DMK,KALYANI.P.L,AIADMK,81727,26714,55013,41.15,60.62,61.129,19.9812,0.0,0.0,8.1685,10.7213
16,Egmore,Chennai,Chennai_Metro,SC,needs_source,,,,,,RAVICHANDRAN K.S,DMK,PARITHI ELLAMVAZHUTHI E,AIADMK,55060.0,44381.0,10679.0,8.85,63.0,45.6418,36.7895,5.9344,0.0,1.202,10.4323,I.PARANTHAMEN,DMK,B.JOHN PANDIAN,AIADMK,68832,30064,38768,32.5,61.13,57.7106,25.2065,0.0,0.0,5.262,11.8209
17,Royapuram,Chennai,Chennai_Metro,GEN,needs_source,,,,,,JAYAKUMAR D,AIADMK,MANOHAR R,INC,55205.0,47174.0,8031.0,6.58,63.51,0.0,45.2066,2.9169,38.6302,1.9547,11.2916,MURTHY.R.IDREAM,DMK,JAYAKUMAR.D,AIADMK,64424,36645,27779,22.92,62.6,53.1591,30.2374,0.0,0.0,6.5624,10.0411
18,Harbour,Chennai,Chennai_Metro,GEN,needs_source,,,,,,SEKAR BABU P K,DMK,SREENIVASAN K S,AIADMK,42071.0,37235.0,4836.0,4.64,55.4,40.3605,35.7211,12.8139,0.0,0.8653,10.2392,SEKARBABU. P.K,DMK,VINOJ. P. SELVAM,BJP,59317,32043,27274,26.83,57.64,58.3542,0.0,31.5229,0.0,3.3025,6.8204
19,Chepauk-Thiruvallikeni,Chennai,Chennai_Metro,GEN,needs_source,,,,,,J.ANBAZHAGAN,DMK,A.NOORJAHAN,AIADMK,67982.0,53818.0,14164.0,9.86,62.3,47.3198,37.4608,4.372,0.0,1.2599,9.5875,UDHAYANIDHI STALIN,DMK,KASSALI A.V.A,PMK,93285,23930,69355,50.47,58.33,67.8905,0.0,0.0,0.0,6.6904,25.4191
20,Thousand Lights,Chennai,Chennai_Metro,GEN,needs_source,,,,,,SELVAM KU. KA,DMK,VALARMATHI B,AIADMK,61726.0,52897.0,8829.0,6.2,60.41,43.346,37.146,5.9802,0.0,1.4571,12.0707,EZHILAN N,DMK,KUSHBOO SUNDAR,BJP,71867,39405,32462,23.88,56.25,52.8667,0.0,28.9871,0.0,6.5352,11.611
21,Anna Nagar,Chennai,Chennai_Metro,GEN,needs_source,,,,,,MOHAN M.K.,DMK,GOKULAINDIRA S,AIADMK,70812.0,69726.0,1086.0,0.64,59.99,41.5854,40.9476,5.1867,0.0,1.6943,10.586,M.K. Mohan,DMK,S. Gokula Indira,AIADMK,80054,52609,27445,16.62,57.33,48.4894,31.8657,0.0,0.0,6.303,13.3419
22,Virugampakkam,Chennai,Chennai_Metro,GEN,needs_source,,,,,,V.N.VIRUGAI RAVI,AIADMK,K THANASEKARAN,DMK,65979.0,63646.0,2333.0,1.36,58.63,37.1462,38.5079,11.1866,0.0,1.7077,11.4516,AMV.PRABHAKARA RAJA,DMK,VIRUGAI V.N.RAVI,AIADMK,74351,55984,18367,10.86,57.59,43.972,33.1096,0.0,0.0,6.0235,16.8949
23,Saidapet,Chennai,Chennai_Metro,GEN,needs_source,,,,,,SUBRAMANIAN.MA,DMK,PONNAYAN.C,AIADMK,79279.0,63024.0,16255.0,9.67,59.57,47.1848,37.5103,3.571,0.0,1.6219,10.112,SUBRAMANIAN. MA,DMK,SAIDAI DURAISAMY,AIADMK,80194,50786,29408,18.34,57.36,50.019,31.6765,0.0,0.0,6.6845,11.62
24,Thiyagarayanagar,Chennai,Chennai_Metro,GEN,needs_source,,,,,,SATHYANARAYANAN.B,AIADMK,DR.N.S.KANIMOZHI,DMK,53207.0,50052.0,3155.0,2.22,57.93,35.2524,37.4745,14.0074,0.0,1.4593,11.8064,KARUNANITHI J,DMK,SATHIYANAARAYANAN B,AIADMK,56035,55898,137,0.1,55.99,40.5716,40.4724,0.0,0.0,5.9979,12.9581
25,Mylapore,Chennai,Chennai_Metro,GEN,needs_source,,,,,,NATARAJ.R IPS (RTD),AIADMK,KARATE THIAGARAJAN.R,INC,68176.0,53448.0,14728.0,9.43,59.37,0.0,43.6656,7.5065,34.2326,1.509,13.0863,VELU.DHA,DMK,NATARAJ.R,AIADMK,68392,55759,12633,8.23,56.6,44.5754,36.3417,0.0,0.0,6.5984,12.4845
26,Velachery,Chennai,Chennai_Metro,GEN,needs_source,,,,,,VAGAI CHANDERASEKAR,DMK,C MUNUSAMY,AIADMK,70139.0,61267.0,8872.0,5.05,58.33,39.9602,34.9056,8.2451,0.0,2.2852,14.6039,JMH.AASSAN MAULAANA,INC,M.K.ASHOK,AIADMK,68493,64141,4352,2.46,56.18,0.0,36.2965,0.0,38.7592,8.0192,16.9251
27,Sholinganallur,Chengalpattu,Chennai_Metro,GEN,needs_source,,,,,,ARAVIND RAMESH S,DMK,SUNDARAM N,AIADMK,147014.0,132101.0,14913.0,4.31,57.38,42.5268,38.2129,4.3145,0.0,3.1363,11.8095,S.ARAVINDRAMESH,DMK,K.P.KANDAN,AIADMK,171558,136153,35405,9.12,55.51,44.1756,35.0589,0.0,0.0,10.0094,10.7561
28,Alandur,Kancheepuram,Chennai_Metro,GEN,needs_source,,,,,,ANBARASAN T.M.,DMK,RAMACHANDRAN S.,AIADMK,96877.0,77708.0,19169.0,8.83,61.74,44.6444,35.8106,5.9015,0.0,1.8097,11.8338,T.M.Anbarasan,DMK,B.Valarmathi,AIADMK,116785,76214,40571,17.06,60.82,49.1207,32.0562,0.0,0.0,6.9426,11.8805
29,Sriperumbudur,Kancheepuram,Chennai_Metro,SC,needs_source,,,,,,PALANI.K,AIADMK,SELVAPERUNTHAGAI.K,INC,101001.0,90285.0,10716.0,4.54,77.1,0.0,42.7713,1.6681,38.2334,1.4572,15.87,SELVAPERUNTHAGAI,INC,PALANI,AIADMK,115353,104474,10879,4.12,73.94,0.0,39.5343,0.0,43.651,8.3379,8.4768
30,Pallavaram,Chengalpattu,Chennai_Metro,GEN,needs_source,,,,,,KARUNANITHI I,DMK,SARASWATHI C.R,AIADMK,112891.0,90726.0,22165.0,8.82,61.75,44.94,36.1165,4.6898,0.0,1.7866,12.4671,KARUNANITHI,DMK,RAJENDRAN,AIADMK,126427,88646,37781,14.19,60.86,47.4943,33.3013,0.0,0.0,8.025,11.1794
31,Tambaram,Chengalpattu,Chennai_Metro,GEN,needs_source,,,,,,RAJA S R,DMK,RAJENDRAN C,AIADMK,101835.0,87390.0,14445.0,6.14,61.71,43.2687,37.1311,4.3878,0.0,2.2251,12.9873,Raja.S.R,DMK,Chinnaiyah.T.K.M,AIADMK,116840,80016,36824,14.79,59.55,46.9297,32.1391,0.0,0.0,7.8299,13.1013
32,Chengalpattu,Chengalpattu,Chennai_Metro,GEN,needs_source,,,,,,VARALAKSHMI.M,DMK,KAMALAKKANNAN.R,AIADMK,112675.0,86383.0,26292.0,10.53,67.3,45.1108,34.5845,0.0,0.0,1.6155,18.6892,VARALAKSHMI.M,DMK,GAJENDRAN.M,AIADMK,130573,103908,26665,9.73,63.54,47.6393,37.9106,0.0,0.0,9.8027,4.6474
33,Thiruporur,Chengalpattu,Chennai_Metro,GEN,needs_source,,,,,,KOTHANDAPANI. M,AIADMK,VISWANATHAN. V,DMK,70215.0,69265.0,950.0,0.47,79.09,34.436,34.9083,1.2951,0.0,0.9128,28.4478,S.S.Balaji,VCK,Arumugam.K,PMK,93954,92007,1947,0.86,76.36,0.0,0.0,0.0,0.0,9.0099,90.9901
34,Cheyyur,Chengalpattu,Chennai_Metro,SC,needs_source,,,,,,ARASU R T,DMK,MUNUSAMY A,AIADMK,63446.0,63142.0,304.0,0.18,80.11,37.5123,37.3325,0.9218,0.0,0.5434,23.69,Babu M,VCK,Kanitha S,AIADMK,82750,78708,4042,2.26,77.88,0.0,43.9415,0.0,0.0,5.3891,50.6694
35,Madurantakam,Chengalpattu,Chennai_Metro,SC,needs_source,,,,,,S.PUGAZHENTHI,DMK,C.K.THAMIZHARASAN,AIADMK,73693.0,70736.0,2957.0,1.66,81.29,41.4287,39.7664,0.0,0.0,0.4571,18.3478,Maragatham. K,AIADMK,Sathya. C.E,DMK,86646,83076,3570,1.92,80.65,44.7025,46.6235,0.0,0.0,5.0005,3.6735
36,Uthiramerur,Kancheepuram,Chennai_Metro,GEN,needs_source,,,,,,SUNDAR.K,DMK,GANESAN.P,AIADMK,85513.0,73357.0,12156.0,6.12,83.0,43.0204,36.9049,0.3954,0.0,0.4669,19.2124,SUNDAR K,DMK,SOMASUNDARAM V,AIADMK,93427,91805,1622,0.77,80.1,44.3773,43.6068,0.0,0.0,5.4173,6.5986
37,Kancheepuram,Kancheepuram,Chennai_Metro,GEN,needs_source,,,,,,C.V.M.P. EZHILARASAN,DMK,T.MYTHILI,AIADMK,90533.0,82985.0,7548.0,3.37,75.49,40.3963,37.0284,1.6269,0.0,0.7844,20.164,C.V.M.P. Ezhailzrasan,DMK,P. Magesh Kumar,PMK,102712,91117,11595,5.05,73.28,44.7679,0.0,0.0,0.0,6.0785,49.1536
38,Arakkonam,Ranipet,North,SC,needs_source,,,,,,RAVI S,AIADMK,RAJKUMAR N,DMK,68176.0,64015.0,4161.0,2.52,75.33,38.6936,41.2086,1.2216,0.0,0.6274,18.2488,S.RAVI,AIADMK,GOWTHAMA SANNAH.J,VCK,85399,58230,27169,15.85,74.89,0.0,49.8209,0.0,0.0,8.5356,41.6435
39,Sholingur,Ranipet,North,GEN,needs_source,,,,,,PARTHIBAN.N.G,AIADMK,MUNIRATHINAM.A.M,INC,77651.0,67919.0,9732.0,4.61,82.03,0.0,36.7903,0.6955,32.1793,0.3914,29.9435,A.M.MUNIRATHINAM,INC,A.M.KRISHNAN,PMK,110228,83530,26698,11.91,80.09,0.0,0.0,0.0,49.185,4.3086,46.5064
40,Katpadi,Vellore,North,GEN,needs_source,,,,,,DURAIMURUGAN,DMK,APPU S.R.K,AIADMK,90534.0,66588.0,23946.0,13.46,77.38,50.899,37.4363,0.0,0.0,0.6381,11.0266,DURAIMURUGAN,DMK,V RAMU,AIADMK,85140,84394,746,0.4,74.0,45.7137,45.3132,0.0,0.0,5.6103,3.3628
41,Ranipet,Ranipet,North,GEN,needs_source,,,,,,GANDHI.R,DMK,ELUMALAI. C,AIADMK,81724.0,73828.0,7896.0,4.14,77.07,42.8453,38.7057,0.7036,0.0,0.4194,17.326,R.GANDHI,DMK,S.M.SUGUMAR,AIADMK,103291,86793,16498,7.95,77.24,49.7879,41.8356,0.0,0.0,4.933,3.4435
42,Arcot,Ranipet,North,GEN,needs_source,,,,,,ESWARAPPAN J L,DMK,RAMADOSS.K.V,AIADMK,84182.0,73091.0,11091.0,5.45,82.4,41.389,35.936,1.3019,0.0,0.0,21.3731,J.L.Eswarappan,DMK,Elavazagan.K.L,PMK,103885,83927,19958,9.51,79.62,49.5183,0.0,0.0,0.0,5.7619,44.7198
43,Vellore,Vellore,North,GEN,needs_source,,,,,,KARTHIKEYAN,DMK,HARUN RASHEED,AIADMK,88264.0,62054.0,26210.0,15.3,68.59,51.5323,36.2298,3.043,0.0,0.9569,8.238,Karthikeyan .P,DMK,Appu S.R.K,AIADMK,84299,75118,9181,5.1,70.25,46.8591,41.7557,0.0,0.0,4.7415,6.6437
44,Anaikattu,Vellore,North,GEN,needs_source,,,,,,NANDAKUMAR. A.P,DMK,KALAIARASU. M,AIADMK,77058.0,68290.0,8768.0,4.83,78.31,42.4277,37.6001,0.9635,0.0,0.3981,18.6106,A.P.Nandakumar,DMK,D.Velazhagan,AIADMK,95159,88799,6360,3.22,77.05,48.1075,44.8922,0.0,0.0,4.1076,2.8927
45,Kilvaithinankuppam,Vellore,North,SC,needs_source,,,,,,LOGANATHAN.G,AIADMK,AMALU V,DMK,75612.0,65866.0,9746.0,5.9,80.39,39.8642,45.7628,1.3376,0.0,0.4769,12.5585,M.JAGAN MOORTHY,AIADMK,K Seetharaman,DMK,84579,73997,10582,6.08,76.5,42.4967,48.574,0.0,0.0,5.7585,3.1708
46,Gudiyattam,Vellore,North,SC,needs_source,,,,,,JAYANTHI PADMANABHAN .C,AIADMK,RAJAMARTHANDAN K.,DMK,94689.0,83219.0,11470.0,5.88,74.11,42.679,48.5614,0.0,0.0,0.4493,8.3103,Amulu.V,DMK,Paritha.G,AIADMK,100412,93511,6901,3.26,72.56,47.447,44.1861,0.0,0.0,5.5918,2.7751
47,Vaniyambadi,Tirupattur,North,GEN,needs_source,,,,,,NILOFER,AIADMK,SYED FAROOQ,IUML,69588.0,55062.0,14526.0,8.41,77.26,0.0,40.3086,1.1208,0.0,0.3609,58.2097,G.SENDHIL KUMAR,AIADMK,N.MOHAMMED NAYEEM,IUML,88018,83114,4904,2.58,75.55,0.0,46.326,0.0,0.0,5.9085,47.7655
48,Ambur,Tirupattur,North,GEN,needs_source,,,,,,BALASUBRAMANIR.(E),AIADMK,NAZEER AHMEDV.R.,Other,79182.0,51176.0,28006.0,17.39,75.87,0.0,49.1585,3.576,0.0,0.3564,46.9091,VILWANATHAN.A.C,DMK,NAZAR MOHAMED.K,AIADMK,90476,70244,20232,11.37,74.01,50.8641,39.49,0.0,0.0,5.7062,3.9397
49,Jolarpet,Tirupattur,North,GEN,needs_source,,,,,,VEERAMANI.K.C.,AIADMK,KAVITHA.C,DMK,82525.0,71534.0,10991.0,6.07,81.03,39.5032,45.5728,0.5638,0.0,0.4793,13.8809,DEVARAJI.K.,DMK,VEERAMANI.K.C.,AIADMK,89490,88399,1091,0.56,80.98,45.5749,45.0193,0.0,0.0,6.7876,2.6182
50,Tirupattur,Tirupattur,North,GEN,needs_source,,,,,,NALLATHAMBI. A,DMK,KUMAR.T.T,AIADMK,80791.0,73144.0,7647.0,4.3,79.06,45.4283,41.1284,1.0296,0.0,0.3885,12.0252,A. NALLATHAMBI,DMK,T.K. RAJA,PMK,96522,68282,28240,15.19,76.97,51.9131,0.0,0.0,0.0,6.5223,41.5646
51,Uthangarai,Krishnagiri,North,SC,needs_source,,,,,,N.MANORANJITHAM,AIADMK,S.MALATHY,DMK,69980.0,67367.0,2613.0,1.45,82.6,37.2985,38.7452,0.8809,0.0,0.4031,22.6723,T.M.TAMILSELVAM,AIADMK,S.Arumugam,INC,99675,71288,28387,15.08,78.37,0.0,52.9558,0.0,37.8742,5.5381,3.6319
52,Bargur,Krishnagiri,North,GEN,needs_source,,,,,,V.RAJENDRAN,AIADMK,GOVINDDARASAN.E.C,DMK,80650.0,79668.0,982.0,0.52,82.16,42.364,42.8862,0.6769,0.0,0.3643,13.7086,MATHIAZHAGAN D,DMK,KRISHNAN A,AIADMK,97256,84642,12614,6.38,79.08,49.1728,42.7952,0.0,0.0,5.1132,2.9188
53,Krishnagiri,Krishnagiri,North,GEN,needs_source,,,,,,T.SENGUTTUVAN,DMK,V.GOVINDARAJ,AIADMK,87637.0,82746.0,4891.0,2.44,80.4,43.7984,41.354,0.0,0.0,0.4928,14.3548,Ashokkumar.K,AIADMK,SENGUTTUVAN.T,DMK,96050,95256,794,0.38,78.5,45.0068,45.382,0.0,0.0,5.262,4.3492
54,Veppanahalli,Krishnagiri,North,GEN,needs_source,,,,,,MURUGAN P,DMK,MADHU A.V.M @ HEMNATH M,AIADMK,88952.0,83724.0,5228.0,2.7,84.74,46.0116,43.3074,1.0169,0.0,0.3042,9.3599,K.P.Munusamy,AIADMK,P.Murugan,DMK,94104,91050,3054,1.49,81.31,44.3841,45.8728,0.0,0.0,4.0509,5.6922
55,Hosur,Krishnagiri,North,GEN,needs_source,,,,,,BALAKRISHNA REDDY P,AIADMK,GOPINATH K,INC,89510.0,66546.0,22964.0,10.67,71.17,0.0,41.5879,13.4042,30.9184,1.4036,12.6859,PRAKAASH Y,DMK,JYOTHI S,AIADMK,118231,105864,12367,4.98,70.09,47.655,42.6702,0.0,0.0,4.6038,5.071
56,Thalli,Krishnagiri,North,GEN,needs_source,,,,,,PRAKAASHY.,DMK,RAMACHANDRANT.,CPI,74429.0,68184.0,6245.0,3.3,82.42,39.3076,16.591,1.5358,0.0,0.2287,42.3369,RAMACHANDRAN.T,CPI,Dr.NAGESH KUMAR.C,BJP,120641,64415,56226,28.98,77.06,0.0,0.0,33.1998,0.0,1.9462,64.854
57,Palacode,Dharmapuri,North,GEN,needs_source,,,,,,ANBALAGAN. K.P.,AIADMK,MURUGAN. P.K.,DMK,76143.0,70160.0,5983.0,3.17,88.57,37.1675,40.337,0.0,0.0,0.2665,22.229,ANBALAGAN.K.P.,AIADMK,MURUGAN.P.K.,DMK,110070,81970,28100,13.6,87.37,39.6767,53.2782,0.0,0.0,3.729,3.3161
58,Pennagaram,Dharmapuri,North,GEN,needs_source,,,,,,INBASEKARAN. P.N.P.,DMK,ANBUMANI RAMADOSS,PMK,76848.0,58402.0,18446.0,9.24,88.04,38.4943,25.8908,0.0,0.0,0.3446,35.2703,MANI. G.K,PMK,INBASEKARAN. P.N.P,DMK,106123,84937,21186,10.07,85.0,40.3875,0.0,0.0,0.0,4.2533,55.3592
59,Dharmapuri,Dharmapuri,North,GEN,needs_source,,,,,,SUBRAMANI. P.,DMK,ELANGOVAN. P.D.,AIADMK,71056.0,61380.0,9676.0,4.66,82.23,34.2478,29.5841,0.7741,0.0,0.5846,34.8094,VENKATESHWARAN.S.P.,PMK,SUBRAMANI.P,DMK,105630,78770,26860,12.36,79.69,36.2439,0.0,0.0,0.0,4.0031,59.753
60,Pappireddippatti,Dharmapuri,North,GEN,needs_source,,,,,,PALANIYAPPAN. P,AIADMK,SATHIYAMOORTHY. A,PMK,74234.0,61521.0,12713.0,6.09,85.78,26.878,35.5605,0.0,0.0,0.2817,37.2798,GOVINDASAMY.A,AIADMK,PRABHURAJASEKAR.M,DMK,114507,77564,36943,16.72,82.15,35.0978,51.8145,0.0,0.0,3.4268,9.6609
61,Harur,Dharmapuri,North,SC,needs_source,,,,,,R.MURUGAN,AIADMK,S.RAJENDRAN,DMK,64568.0,53147.0,11421.0,6.01,84.3,27.9524,33.9592,1.0245,0.0,0.3298,36.7341,SAMPATHKUMAR.V,AIADMK,KUMAR.A,CPI(M),99061,68699,30362,15.29,78.46,0.0,49.8884,0.0,0.0,5.5146,44.597
62,Chengam,Tiruvannamalai,North,SC,needs_source,,,,,,GIRI .M.P,DMK,DINAGARAN. M,AIADMK,95939.0,83248.0,12691.0,6.03,84.16,45.5977,39.566,0.4201,0.0,0.3165,14.0997,GIRI.M.P,DMK,NAINAKANNU.M.S,AIADMK,108081,96511,11570,5.17,80.66,48.2612,43.0949,0.0,0.0,5.3941,3.2498
63,Tiruvannamalai,Tiruvannamalai,North,GEN,needs_source,,,,,,VELUE.V.,DMK,RAJANK,AIADMK,116484.0,66136.0,50348.0,24.7,79.87,57.149,32.4474,0.9493,0.0,0.8272,8.6271,E V VELU,DMK,S THANIGAIVEL,BJP,137876,43203,94673,45.33,71.69,66.0212,0.0,20.6875,0.0,6.7014,6.5899
64,Kilpennathur,Tiruvannamalai,North,GEN,needs_source,,,,,,PITCHANDI K,DMK,SELVAMANI K,AIADMK,99070.0,64404.0,34666.0,17.57,84.45,50.2162,32.6448,0.6128,0.0,0.3933,16.1329,K.Pitchandi,DMK,K.Selvakumar,PMK,104675,77888,26787,13.14,79.35,51.34,0.0,0.0,0.0,5.6605,42.9995
65,Kalasapakkam,Tiruvannamalai,North,GEN,needs_source,,,,,,PANNEERSELVAM V,AIADMK,KUMAR G,INC,84394.0,57980.0,26414.0,14.21,84.75,0.0,45.4075,0.0,31.1957,0.4175,22.9793,Saravanan.P.S.T,DMK,Panneerselvam.V,AIADMK,94134,84912,9222,4.69,80.36,47.9214,43.2267,0.0,0.0,4.4911,4.3608
66,Polur,Tiruvannamalai,North,GEN,needs_source,,,,,,SEKARAN.K.V,DMK,MURUGAN.M,AIADMK,66588.0,58315.0,8273.0,4.23,85.86,34.0231,29.796,0.6295,0.0,0.3188,35.2326,Agri KRISHNAMURTHY. S S,AIADMK,SEKARAN. K.V,DMK,97732,88007,9725,4.81,82.33,43.5652,48.3793,0.0,0.0,5.0477,3.0078
67,Arani,Tiruvannamalai,North,GEN,needs_source,,,,,,RAMACHANDRAN S,AIADMK,BABU S,DMK,94074.0,86747.0,7327.0,3.5,81.75,41.3978,44.8944,0.6223,0.0,0.4161,12.6694,S.RAMACHANDRAN,AIADMK,S.S.ANBALAGAN,DMK,102961,99833,3128,1.41,79.84,45.0872,46.4999,0.0,0.0,4.738,3.6749
68,Cheyyar,Tiruvannamalai,North,GEN,needs_source,,,,,,MOHAN K,AIADMK,DR. VISHNUPRASAD M K,INC,77766.0,69239.0,8527.0,4.14,84.67,0.0,37.7848,1.1603,33.6417,0.4732,26.94,JOTHI. O,DMK,DUSI. K. MOHAN,AIADMK,102460,90189,12271,5.72,81.69,47.7758,42.054,0.0,0.0,5.685,4.4852
69,Vandavasi,Tiruvannamalai,North,SC,needs_source,,,,,,AMBETHKUMAR S,DMK,MEGANATHAN V,AIADMK,80206.0,62138.0,18068.0,9.96,81.58,44.1965,34.2403,0.0,0.0,0.3775,21.1857,Ambethkumar S,DMK,Murali S,PMK,102064,66111,35953,19.33,76.81,54.8808,0.0,0.0,0.0,4.9921,40.1271
70,Gingee,Viluppuram,North,GEN,needs_source,,,,,,MASTHAN K S,DMK,GOVINDASAMY A,AIADMK,88440.0,66383.0,22057.0,10.97,79.96,43.9947,33.0224,0.7178,0.0,0.289,21.9761,MASTHAN K S,DMK,RAJENDIRAN P,PMK,109625,73822,35803,17.31,78.21,52.9897,0.0,0.0,0.0,4.7951,42.2152
71,Mailam,Viluppuram,North,GEN,needs_source,,,,,,MASILAMANI R,DMK,ANNADURAI K,AIADMK,70880.0,58574.0,12306.0,7.19,81.0,41.3992,34.2116,0.0,0.0,0.3925,23.9967,SIVAKUMAR C,PMK,Dr. MASILAMANI R,DMK,81044,78814,2230,1.26,79.5,44.5305,0.0,0.0,0.0,4.7122,50.7573
72,Tindivanam,Viluppuram,North,SC,needs_source,,,,,,SEETHAPATHY P,DMK,RAJENDRAN S P,AIADMK,61879.0,61778.0,101.0,0.06,78.94,35.3291,35.2715,0.8615,0.0,0.5184,28.0195,ARJUNAN P,AIADMK,SEETHAPATHY P,DMK,87152,77399,9753,5.34,78.43,42.4016,47.7446,0.0,0.0,5.0417,4.8121
73,Vanur,Viluppuram,North,SC,needs_source,,,,,,CHAKRAPANI M,AIADMK,MYDILI R,DMK,64167.0,53944.0,10223.0,5.86,78.83,30.9262,36.7871,0.9838,0.0,0.4569,30.846,CHAKRAPANI M,AIADMK,VANNI ARASU,VCK,92219,70492,21727,11.92,79.79,0.0,50.6119,0.0,0.0,4.7127,44.6754
74,Viluppuram,Viluppuram,North,GEN,needs_source,,,,,,SHANMUGAM C VE,AIADMK,AMEER ABBAS S M,IUML,69421.0,47130.0,22291.0,11.8,76.4,0.0,36.7377,1.1579,0.0,0.6514,61.453,LAKSHMANAN R,DMK,SHANMUGAM C Ve,AIADMK,102271,87403,14868,7.26,76.97,49.9224,42.6647,0.0,0.0,3.1119,4.301
75,Vikravandi,Viluppuram,North,GEN,needs_source,,,,,,RATHAMANI.K,DMK,VELU R,AIADMK,63757.0,56845.0,6912.0,3.87,81.71,35.6908,31.8215,0.7227,0.0,0.3325,31.4325,PUGAZHENTHI N,DMK,MUTHAMILSELVAN R,AIADMK,93730,84157,9573,4.94,81.39,48.41,43.4657,0.0,0.0,4.2434,3.8809
76,Tirukkoyilur,Viluppuram,North,GEN,needs_source,,,,,,PONMUDY K,DMK,GOTHANDARAMAN G,AIADMK,93837.0,52780.0,41057.0,21.79,78.82,49.7973,28.0092,0.6251,0.0,0.3885,21.1799,K.PONMUDY,DMK,VAT.KALIVARADHAN,BJP,110980,51300,59680,30.42,76.27,56.5598,0.0,26.1445,0.0,5.922,11.3737
77,Ulundurpettai,Kallakurichi,North,GEN,needs_source,,,,,,KUMARAGURU R.,AIADMK,VASANTHAVEL G.R.,DMK,81973.0,77809.0,4164.0,1.83,82.89,34.2054,36.0359,0.0,0.0,0.2304,29.5283,MANIKANNAN A J,DMK,KUMARAGURU R,AIADMK,115451,110195,5256,2.15,82.62,47.1511,45.0046,0.0,0.0,3.6757,4.1686
78,Rishivandiyam,Kallakurichi,North,GEN,needs_source,,,,,,KARTHIKEYAN.K,DMK,DHANDAPANI.K,AIADMK,92607.0,72104.0,20503.0,10.42,80.47,47.081,36.6574,0.0,0.0,0.3976,15.864,KARTHIKEYAN K,DMK,SANTHOSH S A,AIADMK,113912,72184,41728,19.4,80.18,52.9562,33.5574,0.0,0.0,5.6093,7.8771
79,Sankarapuram,Kallakurichi,North,GEN,needs_source,,,,,,UDHAYASURIYAN.T,DMK,MOHAN P,AIADMK,90920.0,76392.0,14528.0,7.15,81.07,44.7232,37.5769,0.0,0.0,0.3261,17.3738,UDHAYASURIYAN T,DMK,Dr.RAJA G,PMK,121186,75223,45963,21.3,79.58,56.1561,0.0,0.0,0.0,4.575,39.2689
80,Kallakurichi,Kallakurichi,North,SC,needs_source,,,,,,PRABHU A,AIADMK,KAMARAJ P,DMK,90108.0,86004.0,4104.0,1.92,80.91,40.2416,42.1619,0.0,0.0,0.5526,17.0439,Senthilkumar.M,AIADMK,Manirathinem.K.I,INC,110643,84752,25891,11.46,78.16,0.0,48.9879,0.0,37.5245,7.294,6.1936
81,Gangavalli,Salem,West,SC,needs_source,,,,,,MARUTHAMUTHU.A,AIADMK,REKHA PRIYADHARSHINI.J,DMK,74301.0,72039.0,2262.0,1.29,80.41,40.9357,42.221,1.1496,0.0,0.5234,15.1703,"NALLATHAMBI,A.",AIADMK,"REKHA PRIYADHARSHINI,J.",DMK,89568,82207,7361,3.95,77.11,44.0781,48.025,0.0,0.0,4.9988,2.8981
82,Attur,Salem,West,SC,needs_source,,,,,,CHINNATHAMBI R M,AIADMK,ARTHANARI S K,INC,82827.0,65493.0,17334.0,9.28,79.78,0.0,44.3428,0.0,35.0627,0.8196,19.7749,"JAYASANKARAN, A.P.",AIADMK,"CHINNADURAI, K.",DMK,95308,87051,8257,4.13,77.26,43.5815,47.7153,0.0,0.0,5.1231,3.5801
83,Yercaud,Salem,West,ST,needs_source,,,,,,CHITRA.G,AIADMK,TAMILSELVAN.C,DMK,100562.0,83168.0,17394.0,7.82,85.55,37.3678,45.183,0.9997,0.0,0.5684,15.8811,G. Chitra,AIADMK,C. TAMILSELVAN,DMK,121561,95606,25955,10.86,83.09,40.0152,50.8785,0.0,0.0,5.57,3.5363
84,Omalur,Salem,West,GEN,needs_source,,,,,,VETRIVEL.S,AIADMK,AMMASI.S,DMK,89169.0,69213.0,19956.0,8.78,85.48,30.4507,39.2305,0.0,0.0,0.4153,29.9035,R.MANI,AIADMK,RANGARAJAN MOHAN KUMARAMANGALAM,INC,142488,87194,55294,22.2,83.28,0.0,57.2179,0.0,35.0139,3.7811,3.9871
85,Mettur,Salem,West,GEN,needs_source,,,,,,SEMMALAI.S,AIADMK,PARTHIBAN.S.R,DMK,72751.0,66469.0,6282.0,3.03,78.87,32.0218,35.0482,0.6879,0.0,0.4726,31.7695,SADHASIVAM.S,PMK,SRINIVASAPERUMAL.S,DMK,97055,96399,656,0.3,75.01,44.1302,0.0,0.0,0.0,4.17,51.6998
86,Edappadi,Salem,West,GEN,needs_source,,,,,,PALANISWAMI. K,AIADMK,ANNADURAI. N,PMK,98703.0,56681.0,42022.0,18.62,86.35,24.4407,43.7428,0.0,0.0,0.4303,31.3862,EDAPPADI PALANISWAMI. K,AIADMK,SAMBATHKUMAR. T,DMK,163154,69352,93802,37.93,85.64,28.0436,65.9739,0.0,0.0,2.6793,3.3032
87,Sankari,Salem,West,GEN,needs_source,,,,,,RAJA.S,AIADMK,RAJESWARAN.T.K,INC,96202.0,58828.0,37374.0,17.31,84.04,0.0,44.5662,1.475,27.2525,0.7046,26.0017,"SUNDARARAJAN, S.",AIADMK,"RAJESH, K.M.",DMK,115472,95427,20045,8.63,83.71,41.0886,49.7195,0.0,0.0,4.6769,4.515
88,Salem West,Salem,West,GEN,needs_source,,,,,,VENKATACHALAM.G,AIADMK,PANNEER SELVAM.C.,DMK,80755.0,73508.0,7247.0,3.58,74.66,36.3042,39.8833,0.0,0.0,0.6786,23.1339,ARUL. R,PMK,RAJENDRAN. A,DMK,105483,83984,21499,9.92,71.81,38.7688,0.0,0.0,0.0,4.9246,56.3066
89,Salem North,Salem,West,GEN,needs_source,,,,,,RAJENDRAN.R,DMK,SARAVANAN.K.R.S,AIADMK,86583.0,76710.0,9873.0,5.15,72.11,45.1376,39.9906,3.0873,0.0,1.0187,10.7658,R. RAJENDRAN,DMK,G.VENKATACHALAM,AIADMK,93432,85844,7588,3.75,72.14,46.1675,42.4181,0.0,0.0,4.0296,7.3848
90,Salem South,Salem,West,GEN,needs_source,,,,,,SAKTHIVEL A B,AIADMK,GUNASEKARAN M,DMK,101696.0,71243.0,30453.0,15.39,75.18,36.0015,51.3904,2.368,0.0,0.9035,9.3366,E.BALASUBRAMANIAN,AIADMK,A.S.SARAVANAN,DMK,97506,74897,22609,11.31,76.0,37.4519,48.7574,0.0,0.0,5.0885,8.7022
91,Veerapandi,Salem,West,GEN,needs_source,,,,,,MANONMANI.P,AIADMK,RAJENDRAN. A,DMK,94792.0,80311.0,14481.0,7.01,86.4,38.8505,45.8557,0.0,0.0,0.5965,14.6973,"RAJAMUTHU, M.",AIADMK,"THARUN, A.K.",DMK,111682,91787,19895,8.89,85.64,41.0309,49.9245,0.0,0.0,4.3835,4.6611
92,Rasipuram,Namakkal,West,SC,needs_source,,,,,,SAROJA V. DR,AIADMK,DURAISAMY V.P,DMK,86901.0,77270.0,9631.0,5.15,84.25,41.3498,46.5037,1.2709,0.0,1.1109,9.7647,MATHIVENTHAN M,DMK,SAROJA V. Dr,AIADMK,90727,88775,1952,0.99,82.05,46.0768,45.0854,0.0,0.0,5.7363,3.1015
93,Senthamangalam,Namakkal,West,ST,needs_source,,,,,,CHANDRASEKARAN C,AIADMK,PONNUSAMY K,DMK,91339.0,79006.0,12333.0,6.49,82.6,41.6003,48.0942,0.0,0.0,1.1684,9.1371,PONNUSAMY K,DMK,CHANDRAN S,AIADMK,90681,80188,10493,5.27,80.93,45.5146,40.2479,0.0,0.0,5.8494,8.3881
94,Namakkal,Namakkal,West,GEN,needs_source,,,,,,BASKAR. K.P.P,AIADMK,CHEZHIAN. R,INC,89076.0,75542.0,13534.0,6.96,80.14,0.0,45.8113,1.4148,38.8509,1.4035,12.5195,RAMALINGAM P,DMK,BASKAR K.P.P.,AIADMK,106494,78633,27861,13.48,78.57,51.5063,38.0312,0.0,0.0,4.8956,5.5669
95,Paramathi-Velur,Namakkal,West,GEN,needs_source,,,,,,MOORTHIY K S,DMK,RAJENDHIRAN R,AIADMK,74418.0,73600.0,818.0,0.47,84.03,42.4503,41.9837,2.466,0.0,0.9372,12.1628,SEKAR S,AIADMK,MOORTHIY K S,DMK,86034,78372,7662,4.17,81.14,42.6637,46.8347,0.0,0.0,6.3605,4.1411
96,Tiruchengodu,Namakkal,West,GEN,needs_source,,,,,,SARASWATHI PON,AIADMK,ELANGOAVAN BAR,DMK,73103.0,69713.0,3390.0,1.92,81.47,39.4831,41.4031,1.4154,0.0,1.1146,16.5838,ESWARAN E R,DMK,SARASWATHI PON,AIADMK,81688,78826,2862,1.55,78.71,44.2348,42.685,0.0,0.0,7.5633,5.5169
97,Kumarapalayam,Namakkal,West,GEN,needs_source,,,,,,THANGAMANI P,AIADMK,YUVARAJ P,DMK,103032.0,55703.0,47329.0,25.36,80.8,29.8432,55.2001,1.0613,0.0,1.558,12.3374,THANGAMANI.P,AIADMK,M.VENKATACHALAM,DMK,100800,69154,31646,15.67,78.85,34.2474,49.9195,0.0,0.0,6.5569,9.2762
98,Erode East,Erode,West,GEN,needs_source,,,,,,THENNARASU K S,AIADMK,CHANDHIRAKUMAR V C,DMK,64879.0,57085.0,7794.0,5.27,69.57,38.5663,43.8318,3.7489,0.0,1.5282,12.3248,"THIRUMAHAN EVERAA,E.",INC,"YUVARAJA,M.",AIADMK,67300,58396,8904,5.86,66.24,0.0,38.4091,0.0,44.2655,7.6488,9.6766
99,Erode West,Erode,West,GEN,needs_source,,,,,,RAMALINGAM K.V.,AIADMK,MUTHUSAMY S,DMK,82297.0,77391.0,4906.0,2.59,73.91,40.8683,43.459,2.2058,0.0,1.2927,12.1742,Muthusamy S,DMK,Ramalingam K V,AIADMK,100757,78668,22089,10.74,69.36,49.0113,38.2666,0.0,0.0,6.4953,6.2268
100,Modakkurichi,Erode,West,GEN,needs_source,,,,,,SIVASUBRAMANI V.P.,AIADMK,SACHIDANANDAM P.,DMK,77067.0,74845.0,2222.0,1.26,79.58,42.3629,43.6205,2.2935,0.0,0.9696,10.7535,SARASWATHI.C,BJP,SUBBULAKSHMI JEGADEESAN,DMK,78125,77844,281,0.15,75.26,42.8051,0.0,42.9596,0.0,7.1177,7.1176
101,Dharapuram,Tiruppur,West,SC,needs_source,,,,,,KALIMUTHU. V.S,INC,PONNUSAMY. K,AIADMK,83538.0,73521.0,10017.0,5.48,76.83,0.0,40.195,4.2387,45.6714,0.7381,9.1568,KAYALVIZHI N,DMK,MURUGAN L,BJP,89986,88593,1393,0.72,74.15,46.3867,0.0,45.6686,0.0,3.4811,4.4636
102,Kangayam,Tiruppur,West,GEN,needs_source,,,,,,THANIYARASU U,AIADMK,GOPI P,INC,83325.0,70190.0,13135.0,7.12,78.89,0.0,45.1802,3.8828,38.0582,1.5567,11.3221,SAMINATHAN.M.P,DMK,RAMALINGAM.A.S,AIADMK,94197,86866,7331,3.67,77.19,47.1414,43.4726,0.0,0.0,5.6586,3.7274
103,Perundurai,Erode,West,GEN,needs_source,,,,,,VENKATACHALAM.N.D,AIADMK,SAMY.K.P (A) MOHANASUNDARAM.P,DMK,80292.0,67521.0,12771.0,7.01,85.62,37.0459,44.0528,1.4402,0.0,0.806,16.6551,"JAYAKUMAR, S.",AIADMK,KKC BALU,DMK,85125,70618,14507,7.64,82.6,37.1981,44.8397,0.0,0.0,5.4224,12.5398
104,Bhavani,Erode,West,GEN,needs_source,,,,,,KARUPPANAN K C,AIADMK,SIVAKUMAR N,DMK,85748.0,60861.0,24887.0,13.17,82.85,32.2101,45.3813,1.3125,0.0,0.9442,20.1519,KARUPPANAN.K.C,AIADMK,DURAIRAJ.K.P,DMK,100915,78392,22523,11.18,83.5,38.9264,50.1105,0.0,0.0,5.1995,5.7636
105,Anthiyur,Erode,West,GEN,needs_source,,,,,,E.M.R.RAJA ALIAS RAJAKRISHNAN.K.R,AIADMK,VENKATACHALAM A G,DMK,71575.0,66263.0,5312.0,3.13,81.67,39.0745,42.207,1.157,0.0,0.6492,16.9123,VENKATACHALAM.A.G,DMK,SHANMUGAVEL.K.S,AIADMK,79096,77821,1275,0.72,79.69,44.8428,44.12,0.0,0.0,4.6659,6.3713
106,Gobichettipalayam,Erode,West,GEN,needs_source,,,,,,SENGOTTAIYAN K.A,AIADMK,SARAVANAN S.V,INC,96177.0,84954.0,11223.0,5.48,84.32,0.0,47.0009,1.5389,41.5163,0.8195,9.1244,SENGOTTAIYAN K.A,AIADMK,MANIMARAN G.V,DMK,108608,80045,28563,13.33,82.52,37.3552,50.6848,0.0,0.0,5.469,6.491
107,Bhavanisagar,Erode,West,SC,needs_source,,,,,,ESWARAN.S,AIADMK,SATHYA.R,DMK,83006.0,69902.0,13104.0,6.67,81.97,35.5643,42.2313,1.8097,0.0,0.6365,19.7582,A.Bannari,AIADMK,P.L SUNDARAM,CPI,99181,83173,16008,7.98,77.37,0.0,49.4503,0.0,0.0,4.2465,46.3032
108,Udhagamandalam,The Nilgiris,West,GEN,needs_source,,,,,,GANESH R.,INC,VINOTH,AIADMK,67747.0,57329.0,10418.0,7.43,69.08,0.0,40.904,4.1511,48.3372,0.5337,6.074,"GANESH, R.",INC,"BHOJARAJAN, M.",BJP,65530,60182,5348,3.79,67.82,0.0,0.0,42.6514,46.4416,4.5223,6.3847
109,Gudalur,The Nilgiris,West,SC,needs_source,,,,,,THIRAVIDAMANIM.,DMK,KALAISELVAN S.,AIADMK,62128.0,48749.0,13379.0,10.21,72.78,47.3916,37.186,4.232,0.0,1.7903,9.4001,PON.JAYASEELAN,AIADMK,"KASILINGAM, S.",DMK,64496,62551,1945,1.41,72.15,45.2426,46.6494,0.0,0.0,5.2923,2.8157
110,Coonoor,The Nilgiris,West,GEN,needs_source,,,,,,RAMU A.,AIADMK,MUBARAK B. M.,DMK,61650.0,57940.0,3710.0,2.75,71.71,42.9599,45.7107,2.6299,0.0,0.6095,8.09,"Ramachandran, K.",DMK,"Vinoth, D.",AIADMK,61820,57715,4105,3.02,69.79,45.4867,42.4662,0.0,0.0,5.336,6.7111
111,Mettuppalayam,Coimbatore,West,GEN,needs_source,,,,,,CHINNARAJ.O.K,AIADMK,SURENDRAN. S.,DMK,93595.0,77481.0,16114.0,7.65,75.51,36.7625,44.4081,5.2363,0.0,0.716,12.8771,SELVARAJ A K,AIADMK,SHANMUGASUNDARAM T R,DMK,105231,102775,2456,1.09,75.14,45.6609,46.7521,0.0,0.0,4.8666,2.7204
112,Avanashi,Tiruppur,West,SC,needs_source,,,,,,DHANAPAL P,AIADMK,ANANDHAN E,DMK,93366.0,62692.0,30674.0,15.81,77.76,32.3051,48.1114,4.1641,0.0,0.7802,14.6392,"DHANAPAL, P",AIADMK,ATHIYAMAAN RAJU,DMK,117284,66382,50902,23.94,75.18,31.2199,55.1595,0.0,0.0,6.2344,7.3862
113,Tiruppur North,Tiruppur,West,GEN,needs_source,,,,,,VIJAYAKUMAR KN,AIADMK,SAMINATHAN M P,DMK,106717.0,68943.0,37774.0,17.19,66.62,31.3718,48.5605,3.821,0.0,1.3337,14.913,VIJEYAKUMAR.K.N,AIADMK,RAVI (Alias) SUBRAMANIAN . M,CPI,113384,73282,40102,16.84,62.44,0.0,47.6219,0.0,0.0,9.7063,42.6718
114,Tiruppur South,Tiruppur,West,GEN,needs_source,,,,,,GUNASEKARAN S,AIADMK,SELVARAJ K,DMK,73351.0,57418.0,15933.0,9.71,66.29,34.9756,44.681,4.6538,0.0,1.5265,14.1631,SELVARAJ. K.,DMK,GUNASEKARAN. S.,AIADMK,75535,70826,4709,2.7,62.74,43.3069,40.607,0.0,0.0,7.3949,8.6912
115,Palladam,Tiruppur,West,GEN,needs_source,,,,,,NATARAJAN. A,AIADMK,KRISHNAMOORTHY. S,DMK,111866.0,79692.0,32174.0,13.52,71.68,33.4888,47.0092,5.5163,0.0,1.2233,12.7624,ANANDAN M S M,AIADMK,MUTHURATHINAM K,DMK,126903,94212,32691,12.5,66.7,36.026,48.5268,0.0,0.0,7.8482,7.599
116,Sulur,Coimbatore,West,GEN,needs_source,,,,,,KANAGARAJ R.,AIADMK,MANOHARAN V.M.C.,INC,100977.0,64346.0,36631.0,17.19,75.6,0.0,47.3801,6.3424,30.1922,1.3481,14.7372,KANDASAMY V.P.,AIADMK,PREMIER SELVAM (a)KALICHAMY M,DMK,118968,87036,31932,13.21,75.57,36.0169,49.2309,0.0,0.0,5.9697,8.7825
117,Kavundampalayam,Coimbatore,West,GEN,needs_source,,,,,,ARUKUTTY V.C.,AIADMK,PAYYA GOUNDER @ KRISHNAN R.,DMK,110870.0,102845.0,8025.0,2.95,66.42,37.7551,40.7012,8.2394,0.0,1.3711,11.9332,G.Arunkumar,AIADMK,R.Krishnan,DMK,135669,125893,9776,3.15,66.13,40.6214,43.7758,0.0,0.0,5.7748,9.828
118,Coimbatore North,Coimbatore,West,GEN,needs_source,,,,,,ARUN KUMAR P.R.G.,AIADMK,S.MEENALOGU,DMK,77540.0,69816.0,7724.0,4.09,62.06,36.9628,41.0521,8.8632,0.0,1.6486,11.4733,AMMAN K.ARJUNAN,AIADMK,SHANMUGASUNDARAM V.M,DMK,81454,77453,4001,1.97,59.21,38.192,40.1649,0.0,0.0,5.6376,16.0055
119,Thondamuthur,Coimbatore,West,GEN,needs_source,,,,,,VELUMANIS.P.,AIADMK,KOVAI SYED @ SYED MOHAMMEDM.A.,Other,109519.0,45478.0,64041.0,32.17,66.96,0.0,55.007,9.5645,0.0,1.2094,34.2191,S.P. VELUMANI,AIADMK,KARTHIKEYA,DMK,124225,82595,41630,18.06,70.22,35.8282,53.8865,0.0,0.0,3.4885,6.7968
120,Coimbatore South,Coimbatore,West,GEN,needs_source,,,,,,ARJUNAN @ AMMAN ARJUNANK.,AIADMK,MAYURA JAYAKUMARS.,INC,59788.0,42369.0,17419.0,11.35,62.59,0.0,38.9415,21.5674,27.596,1.6225,10.2726,VANATHI SRINIVASAN,BJP,KAMALHAASAN,MNM,53209,51481,1728,1.12,60.69,0.0,0.0,34.3805,27.3854,2.7784,35.4557
121,Singanallur,Coimbatore,West,GEN,needs_source,,,,,,KARTHIK N.,DMK,SINGAI MUTHU N.,AIADMK,75459.0,70279.0,5180.0,2.75,61.85,40.0247,37.2772,8.8076,0.0,2.3094,11.5811,"Jayaram, K.R",AIADMK,"Karthik, N",DMK,81244,70390,10854,5.37,61.73,34.8429,40.2156,0.0,0.0,4.1412,20.8003
122,Kinathukadavu,Coimbatore,West,GEN,needs_source,,,,,,SHANMUGAM A.,AIADMK,KURICHI PRABHAKARAN,DMK,89042.0,87710.0,1332.0,0.64,70.0,42.1705,42.8109,5.4589,0.0,0.9356,8.6241,Damodaran.S,AIADMK,Kuruchi Prabhakaran,DMK,101537,100442,1095,0.47,70.64,43.2129,43.684,0.0,0.0,4.853,8.2501
123,Pollachi,Coimbatore,West,GEN,needs_source,,,,,,POLLACHI V JAYARAMAN,AIADMK,TAMILMANI R.,DMK,78553.0,65185.0,13368.0,7.93,77.7,38.6588,46.5869,3.1806,0.0,0.8119,10.7618,Pollachi V. Jayaraman,AIADMK,"Dr. Varadharajan, K.",DMK,80567,78842,1725,0.97,77.34,44.4661,45.439,0.0,0.0,3.6107,6.4842
124,Valparai,Coimbatore,West,SC,needs_source,,,,,,KASTHURI VASU V.,AIADMK,PAULPANDI T.,DMK,69980.0,61736.0,8244.0,5.74,73.04,42.9489,48.6841,1.7844,0.0,0.7089,5.8737,AMULKANDASAMI T K,AIADMK,ARUMUGAM M,CPI,71672,59449,12223,8.42,70.04,0.0,49.3704,0.0,0.0,5.2572,45.3724
125,Udumalaipettai,Tiruppur,West,GEN,needs_source,,,,,,RADHAKRISHNAN. K,AIADMK,MUTHU. MU. KA,DMK,81817.0,76130.0,5687.0,3.11,73.56,41.62,44.729,4.0122,0.0,0.0,9.6388,"Radhakrishnan,K.",AIADMK,"Thennarasu,K.",INC,96893,74998,21895,11.27,71.31,0.0,49.8528,0.0,38.5876,4.4207,7.1389
126,Madathukulam,Tiruppur,West,GEN,needs_source,,,,,,JAYARAMAKRISHNAN R,DMK,MANOHARAN K,AIADMK,76619.0,74952.0,1667.0,0.97,76.09,44.6643,43.6926,1.5267,0.0,0.5713,9.5451,C MAHENDRAN,AIADMK,R.JAYARAMAKRISHNAN,DMK,84313,77875,6438,3.54,72.45,42.8115,46.3508,0.0,0.0,3.4332,7.4045
127,Palani,Dindigul,Central,GEN,needs_source,,,,,,SENTHILKUMAR I P,DMK,KUMARASAMY P,AIADMK,100045.0,74459.0,25586.0,12.96,76.79,50.6624,37.7057,2.0722,0.0,0.4436,9.1161,SENTHIL KUMAR I.P,DMK,RAVI MANOHARAN K,AIADMK,108566,78510,30056,14.63,73.33,52.86,38.226,0.0,0.0,3.7277,5.1863
128,Oddanchatram,Dindigul,Central,GEN,needs_source,,,,,,SAKKARAPANI R,DMK,KITTUSAMY K,AIADMK,121715.0,55988.0,65727.0,34.7,84.91,64.2587,29.5585,1.0078,0.0,0.3226,4.8524,SAKKARAPANI R,DMK,NATARAJ N.P,AIADMK,109970,81228,28742,14.25,83.08,54.5064,40.2605,0.0,0.0,2.4505,2.7826
129,Athoor,Dindigul,Central,GEN,needs_source,,,,,,PERIYASAMY I,DMK,VISWANATHAN R NATHAM,AIADMK,121738.0,94591.0,27147.0,11.84,85.26,53.1023,41.2607,0.5954,0.0,0.4419,4.5997,PERIYASAMY I,DMK,THILAGABAMA M,PMK,165809,30238,135571,58.96,77.96,72.1097,0.0,0.0,0.0,7.4663,20.424
130,Nilakkottai,Dindigul,Central,SC,needs_source,,,,,,THANGATHURAI R,AIADMK,ANBAZHAGAN M,DMK,85507.0,70731.0,14776.0,8.47,79.85,40.524,48.9896,1.4696,0.0,0.6898,8.327,S.Thenmozhi,AIADMK,K.Murugavelrajan,DMK,91461,63843,27618,14.94,75.07,34.5461,49.4905,0.0,0.0,9.4721,6.4913
131,Natham,Dindigul,Central,GEN,needs_source,,,,,,ANDI AMBALAM M.A,DMK,SHAJAHAN S,AIADMK,93822.0,91712.0,2110.0,1.02,80.01,45.3222,44.303,0.0,0.0,1.156,9.2188,NATHAM.R.VISWANATHAN,AIADMK,M.A.ANDI AMBALAM,DMK,107762,95830,11932,5.3,78.95,42.545,47.8423,0.0,0.0,6.5538,3.0589
132,Dindigul,Dindigul,Central,GEN,needs_source,,,,,,SREENIVASAN C,AIADMK,BASHEER AHAMED M,DMK,91413.0,70694.0,20719.0,11.17,74.54,38.1266,49.3008,2.7392,0.0,1.2011,8.6323,SREENIVASAN.C,AIADMK,PANDI.N,CPI(M),90595,72848,17747,9.1,69.27,0.0,46.4309,0.0,0.0,7.6159,45.9532
133,Vedasandur,Dindigul,Central,GEN,needs_source,,,,,,PARAMASIVAM V.P.B,AIADMK,SIVASAKTHIVEL GOUNDER R,INC,97555.0,77617.0,19938.0,10.04,80.54,0.0,49.1317,0.0,39.0903,0.4694,11.3086,GANDHIRAJAN S,DMK,PARAMASIVAM V P B,AIADMK,106481,88928,17553,8.24,80.16,49.9723,41.7346,0.0,0.0,3.9868,4.3063
134,Aravakurichi,Karur,Central,GEN,needs_source,,,,,,,AIADMK,,DMK,,,,,,,,,,,,ELANGO. R,DMK,ANNAMALAI. K,BJP,93369,68553,24816,14.01,81.92,52.7169,0.0,38.7056,0.0,4.0584,4.5191
135,Karur,Karur,Central,GEN,needs_source,,,,,,VIJAYABHASKAR .M.R,AIADMK,SUBRAMANIAN .BANK .K,INC,81936.0,81495.0,441.0,0.24,80.5,0.0,43.8599,2.1385,43.6238,1.5888,8.789,SENTHILBALAJI V,DMK,VIJAYABHASKAR. M.R,AIADMK,101757,89309,12448,6.0,83.57,49.0845,43.0799,0.0,0.0,3.529,4.3066
136,Krishnarayapuram,Karur,Central,SC,needs_source,,,,,,GEETHA M.,AIADMK,AIYYAR V. K.,Other,83977.0,48676.0,35301.0,20.94,83.01,0.0,49.8205,3.3656,0.0,1.2008,45.6131,SIVAGAMA SUNDARI.K,DMK,MUTHUKUMAR,AIADMK,96540,64915,31625,17.48,84.17,53.3659,35.8841,0.0,0.0,5.3653,5.3847
137,Kulithalai,Karur,Central,GEN,needs_source,,,,,,RAMAR .E,DMK,CHANDRASEKARAN .R,AIADMK,89923.0,78027.0,11896.0,6.46,88.13,48.851,42.3885,0.7807,0.0,0.8926,7.0872,R.Manickam,DMK,N.R.Chandrasekar,AIADMK,100829,77289,23540,11.92,86.16,51.064,39.1424,0.0,0.0,5.8297,3.9639
138,Manapparai,Tiruchirappalli,Central,GEN,needs_source,,,,,,CHANDRASEKAR R,AIADMK,MOHAMED NIZAM M A,IUML,91399.0,73122.0,18277.0,8.87,78.48,0.0,44.3779,2.0169,0.0,0.8978,52.7074,ABDUL SAMAD P,DMK,CHANDRASEKAR.R,AIADMK,98077,85834,12243,5.52,76.02,44.229,38.7079,0.0,0.0,8.7712,8.2919
139,Srirangam,Tiruchirappalli,Central,GEN,needs_source,,,,,,VALARMATHI.S,AIADMK,PALANIYANDI.M,DMK,108400.0,93991.0,14409.0,6.39,79.54,41.7017,48.0946,2.6567,0.0,1.3732,6.1738,Palaniyandi.M,DMK,KuPa Krishnan,AIADMK,113904,93989,19915,8.29,76.15,47.4126,39.123,0.0,0.0,7.4555,6.0089
140,Tiruchirappalli West,Tiruchirappalli,Central,GEN,needs_source,,,,,,NEHRU.K.N,DMK,MANOHARAN.R,AIADMK,92049.0,63634.0,28415.0,15.84,70.43,51.3028,35.4659,0.0,0.0,1.7166,11.5147,"Nehru, K.N.",DMK,"Padmanathan, V.",AIADMK,118133,33024,85109,46.48,67.01,64.5186,18.0361,0.0,0.0,8.5883,8.857
141,Tiruchirappalli East,Tiruchirappalli,Central,GEN,needs_source,,,,,,NATARAJAN .N.,AIADMK,JEROME AROCKIARAJ .G.,INC,79938.0,58044.0,21894.0,13.11,68.86,0.0,47.8714,4.3178,34.76,2.4152,10.6356,"INIGO IRUDAYARAJ,S.",DMK,"VELLAMANDI NATARAJAN,N.",AIADMK,94302,40505,53797,31.12,66.87,54.5552,23.4328,0.0,0.0,8.2797,13.7323
142,Thiruverumbur,Tiruchirappalli,Central,GEN,needs_source,,,,,,ANBIL MAHESH POYYAMOZHI,DMK,KALAICHELVAN.D,AIADMK,85950.0,69255.0,16695.0,9.12,68.53,46.9754,37.8509,1.7183,0.0,1.8326,11.6228,ANBIL MAHESH POYYAMOZHI,DMK,P KUMAR,AIADMK,105424,55727,49697,25.23,66.59,53.5112,28.286,0.0,0.0,7.9787,10.2241
143,Lalgudi,Tiruchirappalli,Central,GEN,needs_source,,,,,,SOUNDARAPANDIAN A,DMK,VIJAYAMURTHY M,AIADMK,77946.0,74109.0,3837.0,2.3,81.68,46.7992,44.4955,0.0,0.0,0.9132,7.7921,A.SOUNDARAPANDIAN,DMK,D.R.DHARMARAJ,AIADMK,84914,67965,16949,9.7,79.23,48.5906,38.8918,0.0,0.0,9.2976,3.22
144,Manachanallur,Tiruchirappalli,Central,GEN,needs_source,,,,,,PARAMESWARI. M,AIADMK,GANESAN. S,DMK,83083.0,75561.0,7522.0,4.18,82.05,41.9858,46.1654,2.0348,0.0,0.9468,8.8672,S. KATHIRAVAN,DMK,M. PARANJOTHI,AIADMK,116334,56716,59618,30.31,79.63,59.1371,28.831,0.0,0.0,7.3419,4.69
145,Musiri,Tiruchirappalli,Central,GEN,needs_source,,,,,,SELVARASU M,AIADMK,VIJAYA BABU S,INC,89398.0,57311.0,32087.0,18.77,80.37,0.0,52.3074,0.0,33.533,1.4312,12.7284,N. Thiyagarajan,DMK,M. Selvarasu,AIADMK,90624,63788,26836,14.93,75.98,50.429,35.4958,0.0,0.0,7.9636,6.1116
146,Thuraiyur,Tiruchirappalli,Central,SC,needs_source,,,,,,STALINKUMAR .S,DMK,MAIVIZHI .A,AIADMK,81444.0,73376.0,8068.0,4.76,80.46,48.0981,43.3334,0.0,0.0,0.9047,7.6638,S.STALINKUMAR,DMK,T.INDRAGANDHI,AIADMK,87786,65715,22071,12.55,76.63,49.9136,37.3644,0.0,0.0,7.4814,5.2406
147,Perambalur,Perambalur,Central,SC,needs_source,,,,,,R.THAMIZHSELVAN,AIADMK,P.SIVAKAMI,DMK,101073.0,94220.0,6853.0,3.07,80.17,42.1995,45.2688,0.8873,0.0,1.1291,10.5153,"PRABHAHARAN, M.",DMK,"THAMIZHSELVAN, R.",AIADMK,122090,91056,31034,12.93,78.2,50.8653,37.9359,0.0,0.0,7.7796,3.4192
148,Kunnam,Perambalur,Central,GEN,needs_source,,,,,,RAMACHANDRAN.R.T,AIADMK,DURAIRAJ.T,DMK,78218.0,59422.0,18796.0,9.17,80.15,28.9801,38.1469,0.0,0.0,0.812,32.061,"SIVASANKAR, S.S.",DMK,"RAMACHANDRAN, R.T.",AIADMK,103922,97593,6329,2.88,80.05,47.2633,44.3849,0.0,0.0,4.2542,4.0976
149,Ariyalur,Ariyalur,Central,GEN,needs_source,,,,,,RAJENDRAN. S,AIADMK,SIVASANKAR. S.S,DMK,88523.0,86480.0,2043.0,0.97,84.93,40.9706,41.9385,0.0,0.0,0.5429,16.548,CHINNAPPA K,DMK,RAJENDRAN S,AIADMK,103975,100741,3234,1.44,84.54,46.1649,44.729,0.0,0.0,5.4816,3.6245
150,Jayankondam,Ariyalur,Central,GEN,needs_source,,,,,,RAMAJEYALINGAM.J.K.N,AIADMK,GURU @ GURUNATHAN.J,PMK,75672.0,52738.0,22934.0,11.24,81.4,0.0,37.0872,0.5352,22.9702,0.6494,38.758,KANNAN KA SO KA,DMK,BALU K,PMK,99529,94077,5452,2.52,80.38,45.9999,0.0,0.0,0.0,4.6014,49.3987
151,Tittakudi,Cuddalore,Central,SC,needs_source,,,,,,GANESAN V,DMK,AYYASAMY P,AIADMK,65139.0,62927.0,2212.0,1.38,77.72,40.6671,39.2862,0.0,0.0,0.4745,19.5722,"GANESAN,  C.V.",DMK,"PERIYASAMY,  D.",BJP,83726,62163,21563,12.82,76.3,49.7824,0.0,36.9613,0.0,6.2973,6.959
152,Vriddhachalam,Cuddalore,Central,GEN,needs_source,,,,,,KALAISELVAN V T,AIADMK,GOVINDASAMY P,DMK,72611.0,58834.0,13777.0,7.44,79.88,31.7807,39.2227,0.0,0.0,0.4559,28.5407,Radhakrishnan,INC,Karthikeyan. J,PMK,77064,76202,862,0.44,77.02,0.0,0.0,0.0,39.1717,4.3927,56.4356
153,Neyveli,Cuddalore,Central,GEN,needs_source,,,,,,SABA. RAJENDRAN,DMK,RAJSEKAR R,AIADMK,54299.0,36508.0,17791.0,11.17,79.21,34.0986,22.9263,0.0,0.0,0.9778,41.9973,SABA.RAJENDRAN,DMK,JAGAN.K,PMK,75177,74200,977,0.6,74.25,45.8033,0.0,0.0,0.0,4.7432,49.4535
154,Panruti,Cuddalore,Central,GEN,needs_source,,,,,,SATHYA.P,AIADMK,PONKUMAR,DMK,72353.0,69225.0,3128.0,1.69,81.97,37.3251,39.0117,0.7403,0.0,0.6805,22.2424,VELMURUGAN.T,DMK,RAJENDRAN.R,AIADMK,93801,89104,4697,2.38,79.6,47.6029,45.2192,0.0,0.0,3.3225,3.8554
155,Cuddalore,Cuddalore,Central,GEN,needs_source,,,,,,SAMPATH M C,AIADMK,PUGAZHENDI ELA,DMK,70922.0,46509.0,24413.0,14.14,74.69,26.9324,41.0694,1.1373,0.0,7.2368,23.6241,G.IYAPPAN,DMK,M.C.SAMPATH,AIADMK,84563,79412,5151,2.83,74.77,46.4629,43.6327,0.0,0.0,5.2544,4.65
156,Kurinjipadi,Cuddalore,Central,GEN,needs_source,,,,,,PANNEERSELVAM MRK,DMK,RAJENDRAN R,AIADMK,82864.0,54756.0,28108.0,14.93,84.18,44.0286,29.0938,0.5085,0.0,0.8151,25.554,M.R.K.PANNEERSELVAM,DMK,SELVI RAMAJAYAM,AIADMK,101456,83929,17527,8.82,82.06,51.0391,42.2218,0.0,0.0,4.2821,2.457
157,Bhuvanagiri,Cuddalore,Central,GEN,needs_source,,,,,,SARAVANAN DURAI K.,DMK,SELVI RAMAJAYAM,AIADMK,60554.0,55066.0,5488.0,2.88,79.91,31.7279,28.8524,0.4768,0.0,0.5716,38.3713,Arunmozhithevan. A,AIADMK,Saravanan. Durai.K,DMK,96453,88194,8259,4.19,78.57,44.7311,48.9199,0.0,0.0,3.529,2.82
158,Chidambaram,Cuddalore,Central,GEN,needs_source,,,,,,PANDIAN K A,AIADMK,SENTHILKUMAR K R,DMK,58543.0,57037.0,1506.0,0.88,74.45,33.4295,34.3121,0.6324,0.0,0.759,30.867,K.A. PANDIAN,AIADMK,S. ABDUL RAHMAN,IUML,91961,75024,16937,9.24,71.93,0.0,50.1554,0.0,0.0,4.9473,44.8973
159,Kattumannarkoil,Cuddalore,Central,SC,needs_source,,,,,,MURUGUMARAN.N,AIADMK,THIRUMAAVALAVAN.THOL,VCK,48450.0,48363.0,87.0,0.05,77.9,0.0,29.3306,0.4976,22.6085,0.6387,46.9246,SINTHANAI SELVAN,VCK,N. MURUGUMARAN,AIADMK,86056,75491,10565,6.02,75.87,0.0,42.9999,0.0,0.0,3.8767,53.1234
160,Sirkazhi,Mayiladuthurai,Central,SC,needs_source,,,,,,BHARATHI.P.V,AIADMK,KILLAI RAVINDRAN.S,DMK,76487.0,67484.0,9003.0,5.07,76.7,37.9796,43.0464,0.668,0.0,0.8048,17.5012,PANNEERSELVAM,DMK,P.V.BHARATHI,AIADMK,94057,81909,12148,6.35,74.91,49.1609,42.8114,0.0,0.0,5.7562,2.2715
161,Mayiladuthurai,Mayiladuthurai,Central,GEN,needs_source,,,,,,RATHAKRISHNAN.V,AIADMK,ANBAZHAGAN.K,DMK,70949.0,66171.0,4778.0,2.83,72.4,39.1878,42.0175,1.1406,0.0,0.9902,16.6639,Rajakumar.S,INC,Palanisamy.A,PMK,73642,70900,2742,1.57,70.14,0.0,0.0,0.0,42.1679,7.5504,50.2817
162,Poompuhar,Mayiladuthurai,Central,GEN,needs_source,,,,,,PAVUNRAJ.S,AIADMK,SHAJAHAN.A.M,IUML,87666.0,67731.0,19935.0,10.34,75.64,0.0,45.4798,0.0,0.0,1.0096,53.5106,Nivedha M. Murugan,DMK,S.Pavunraj,AIADMK,96102,92803,3299,1.59,75.19,46.2389,44.6516,0.0,0.0,7.132,1.9775
163,Nagapattinam,Nagapattinam,Central,GEN,needs_source,,,,,,THAMIMUN ANSARI.M,AIADMK,MOHAMED JAFARULLAH.A,Other,64903.0,44353.0,20550.0,15.29,73.42,0.0,48.2769,4.4667,0.0,1.1581,46.0983,J. Mohamed Shanavas,VCK,Thanka.kathiravan,AIADMK,66281,59043,7238,5.04,71.97,0.0,41.1278,0.0,0.0,6.949,51.9232
164,Kilvelur,Nagapattinam,Central,SC,needs_source,,,,,,MATHIVANAN.U,DMK,MEENA.N,AIADMK,61999.0,51829.0,10170.0,7.37,84.4,44.9499,37.5766,0.828,0.0,1.1259,15.5196,NAGAIMAALI V P,CPI(M),VADIVEL RAVANAN  S,PMK,67988,51003,16985,11.88,79.43,0.0,0.0,0.0,0.0,10.6109,89.3891
165,Vedaranyam,Nagapattinam,Central,GEN,needs_source,,,,,,MANIAN.O.S,AIADMK,RAJENDIRAN.P.V,INC,60836.0,37838.0,22998.0,15.67,81.42,0.0,41.4406,25.2624,25.7747,0.9441,6.5782,O.S.MANIAN,AIADMK,S.K.VETHARATHINAM,DMK,78719,66390,12329,7.8,80.6,42.003,49.8032,0.0,0.0,5.7611,2.4327
166,Thiruthuraipoondi,Thiruvarur,Central,SC,needs_source,,,,,,ADALARASAN. P,DMK,UMAMAHESWARI. K,AIADMK,72127.0,58877.0,13250.0,7.54,78.78,41.0699,33.5252,2.2418,0.0,1.05,22.1131,MARIMUTHU K,CPI,SURESH KUMAR C,AIADMK,97092,67024,30068,16.18,76.74,0.0,36.0565,0.0,0.0,8.2642,55.6793
167,Mannargudi,Thiruvarur,Central,GEN,needs_source,,,,,,RAJAA.T.R.B,DMK,KAMARAJ. S,AIADMK,91137.0,81200.0,9937.0,5.31,77.49,48.7077,43.3969,0.9321,0.0,1.0277,5.9356,RAJAA T R B,DMK,RAJAMANICKAM  SIVA,AIADMK,87172,49779,37393,19.35,74.34,45.1133,25.7617,0.0,0.0,5.4019,23.7231
168,Thiruvarur,Thiruvarur,Central,GEN,needs_source,,,,,,KARUNANIDHI .M,DMK,PANNERSELVAM .R,AIADMK,121473.0,53107.0,68366.0,34.74,77.71,61.7257,26.9859,0.6372,0.0,0.7251,9.9261,KALAIVANAN  POONDI  K.,DMK,PANNERSELVAM A.N.R.,AIADMK,108906,57732,51174,24.57,73.25,52.2858,27.7171,0.0,0.0,12.6266,7.3705
169,Nannilam,Thiruvarur,Central,GEN,needs_source,,,,,,KAMARAJ. R,AIADMK,DURAIVELAN. S.M.B,INC,100918.0,79642.0,21276.0,10.42,80.5,0.0,49.4323,0.0,39.0107,0.9111,10.6459,KAMARAJ R,AIADMK,JOTHIRAMAN  S,DMK,103637,99213,4424,1.99,81.08,44.7018,46.6951,0.0,0.0,6.0461,2.557
170,Thiruvidaimarudur,Thanjavur,Central,SC,needs_source,,,,,,CHEZHIAAN.GOVI,DMK,SETTU.U,AIADMK,77538.0,77006.0,532.0,0.29,78.99,41.9285,41.6408,0.7143,0.0,0.7771,14.9393,"CHEZHIAAN,  GOVI.",DMK,"UNION VEERAMANI, S.",AIADMK,95763,85083,10680,5.38,75.76,48.2565,42.8746,0.0,0.0,5.6318,3.2371
171,Kumbakonam,Thanjavur,Central,GEN,needs_source,,,,,,G.ANBALAGAN,DMK,RATHNA.S,AIADMK,85048.0,76591.0,8457.0,4.48,76.64,45.0402,40.5615,1.5538,0.0,1.5554,11.2891,"ANBALAGAN, G.",DMK,"SRITHAR VANDAYAR, G.M.",AIADMK,96057,74674,21383,10.82,71.45,48.6207,37.7974,0.0,0.0,6.3169,7.265
172,Papanasam,Thanjavur,Central,GEN,needs_source,,,,,,DORAIKKANNU R,AIADMK,LOGANATHAN T R,INC,82614.0,58249.0,24365.0,13.35,75.95,0.0,45.256,1.1822,31.9089,2.1167,19.5362,"Dr.JAWAHIRULLAH, M.H.",DMK,"GOPINATHAN, K.",AIADMK,86567,70294,16273,8.26,74.76,43.9467,35.6855,0.0,0.0,7.4748,12.893
173,Thiruvaiyaru,Thanjavur,Central,GEN,needs_source,,,,,,DURAI.CHANDRASEKARAN,DMK,M.G.M.SUBRAMANIAN,AIADMK,100043.0,85700.0,14343.0,7.06,81.84,49.275,42.2105,0.0,0.0,0.8895,7.625,DURAI.CHANDRASEKARAN,DMK,"VENKATESAN, S.",BJP,103210,49560,53650,25.37,78.11,48.8152,0.0,23.4404,0.0,7.4824,20.262
174,Thanjavur,Thanjavur,Central,GEN,needs_source,,,,,,,AIADMK,,DMK,,,,,,,,,,,,"NEELAMEGAM, T.K.G.",DMK,"ARIVUDAINAMBI, V.",AIADMK,103772,56623,47149,24.2,65.72,53.2549,29.0584,0.0,0.0,8.9121,8.7746
175,Orathanadu,Thanjavur,Central,GEN,needs_source,,,,,,RAMCHANDRAN. M,DMK,VAITHILINGAM. R,AIADMK,84378.0,80733.0,3645.0,2.02,79.88,46.8707,44.8459,0.5572,0.0,1.0504,6.6758,"VAITHILINGAM, R.",AIADMK,"RAMCHANDRAN, M.",DMK,90063,61228,28835,15.03,78.29,31.9162,46.9469,0.0,0.0,4.7175,16.4194
176,Pattukkottai,Thanjavur,Central,GEN,needs_source,,,,,,SEKAR. V,AIADMK,MAHENDRAN. K,INC,70631.0,58273.0,12358.0,7.45,73.02,0.0,42.577,6.6544,35.1275,1.7723,13.8688,"ANNADURAI, K.",DMK,"RENGARAJAN, N.R.",AIADMK,79065,53796,25269,14.26,71.66,44.6191,30.3589,0.0,0.0,6.0553,18.9667
177,Peravurani,Thanjavur,Central,GEN,needs_source,,,,,,GOVINDARASU M,AIADMK,ASHOK KUMAR N,DMK,73908.0,72913.0,995.0,0.61,78.83,45.0367,45.6512,2.8487,0.0,0.9895,5.4739,"ASHOKKUMAR, N.",DMK,"THIRUGNANASAMBANDAM, S.V.",AIADMK,89130,65627,23503,13.76,77.02,52.1686,38.4121,0.0,0.0,7.1138,2.3055
178,Gandharvakottai,Pudukkottai,Central,SC,needs_source,,,,,,ARUMUGAM.B,AIADMK,ANBARASAN.K,DMK,64043.0,60996.0,3047.0,2.09,78.16,41.7523,43.838,1.0952,0.0,0.9802,12.3343,M.Chinnadurai,CPI(M),S.Jayabharathi,AIADMK,69710,56989,12721,8.07,74.45,0.0,36.1559,0.0,0.0,8.0326,55.8115
179,Viralimalai,Pudukkottai,Central,GEN,needs_source,,,,,,VIJAYA BASKAR C,AIADMK,PALANIAPPAN M,DMK,84701.0,76254.0,8447.0,4.96,84.16,44.7374,49.6932,0.0,0.0,0.4782,5.0912,VIJAYA BASKER C,AIADMK,PALANIAPPAN,DMK,102179,78581,23598,12.2,85.43,40.6265,52.8267,0.0,0.0,3.6371,2.9097
180,Pudukkottai,Pudukkottai,Central,GEN,needs_source,,,,,,PERIYANNAN ARASSU,DMK,KARTHIK THONDAIMAN,AIADMK,66739.0,64655.0,2084.0,1.22,74.75,39.1932,37.9694,0.0,0.0,0.9543,21.8831,V . MUTHURAJA,DMK,KARTHIK THONDAIMAN,AIADMK,85802,72801,13001,7.23,72.94,47.6964,40.4693,0.0,0.0,6.3944,5.4399
181,Thirumayam,Pudukkottai,Central,GEN,needs_source,,,,,,REGUPATHY S,DMK,VAIRAMUTHU PK,AIADMK,72373.0,71607.0,766.0,0.48,76.22,45.5841,45.1017,1.4247,0.0,1.4631,6.4264,S.REGUPATHY,DMK,P.K.VAIRAMUTHU,AIADMK,71349,69967,1382,0.79,75.85,40.9979,40.2038,0.0,0.0,6.3558,12.4425
182,Alangudi,Pudukkottai,Central,GEN,needs_source,,,,,,MEYYANATHAN .SIVA .V,DMK,GNANA KALAISELVAN,AIADMK,72992.0,63051.0,9941.0,6.29,79.45,46.1694,39.8815,0.0,0.0,0.9456,13.0035,SIVA.V.MEYYANATHAN,DMK,DHARMA THANGAVEL,AIADMK,87935,62088,25847,15.04,78.47,51.172,36.1309,0.0,0.0,9.0065,3.6906
183,Aranthangi,Pudukkottai,Central,GEN,needs_source,,,,,,RATHINASABHAPATHY E,AIADMK,RAMACHANDRAN T,INC,69905.0,67614.0,2291.0,1.48,72.11,0.0,45.2176,0.0,43.7356,0.5401,10.5067,RAMACHANDRAN T,INC,RAJANAYAGAM M,AIADMK,81835,50942,30893,18.38,70.21,0.0,30.314,0.0,48.6974,10.985,10.0036
184,Karaikudi,Sivaganga,South,GEN,needs_source,,,,,,RAMASAMY KR,INC,KARPAGAM ILANGO,AIADMK,93419.0,75136.0,18283.0,9.08,70.3,0.0,37.3152,2.4678,46.3952,2.654,11.1678,S.Mangudi,INC,H.Raja,BJP,75954,54365,21589,10.16,66.23,0.0,0.0,25.5888,35.7505,11.2362,27.4245
185,Tiruppattur,Sivaganga,South,GEN,needs_source,,,,,,PERIAKARUPPAN KR,DMK,ASOKAN KR,AIADMK,110719.0,68715.0,42004.0,21.14,74.1,55.7245,34.584,0.0,0.0,1.4097,8.2818,KR.PERIYAKARUPPAN,DMK,MARUDHU ALAGURAJ,AIADMK,103682,66308,37374,17.73,71.98,49.1929,31.4605,0.0,0.0,6.9134,12.4332
186,Sivaganga,Sivaganga,South,GEN,needs_source,,,,,,BASKARAN.G,AIADMK,SATHIANATHAN.M @ MEPPAL M.SAKTHI,DMK,81697.0,75061.0,6636.0,3.5,69.29,39.6431,43.1478,0.0,0.0,1.6468,15.5623,PR. Senthilnathan,AIADMK,S. Gunasekaran,CPI,82153,70900,11253,5.57,66.29,0.0,40.6609,0.0,0.0,11.1362,48.2029
187,Manamadurai,Sivaganga,South,SC,needs_source,,,,,,MARIAPPANKENNADY S,AIADMK,CHITRASELVI S,DMK,89893.0,75004.0,14889.0,8.03,72.73,40.4286,48.4541,1.8828,0.0,1.6154,7.6191,Tamilarasi A.,DMK,Nagarajan S.,AIADMK,89364,75273,14091,6.94,72.05,44.0085,37.0692,0.0,0.0,11.4389,7.4834
188,Melur,Madurai,South,GEN,needs_source,,,,,,PERIYAPULLAN @ SELVAM P,AIADMK,RAGUPTHY A.P,DMK,88909.0,69186.0,19723.0,11.43,74.2,40.1076,51.5412,1.1136,0.0,0.7762,6.4614,PERIYAPULLAN @ SELVAM  P.,AIADMK,RAVICHANDRAN  T.,INC,83344,48182,35162,19.24,74.23,0.0,45.5975,0.0,26.3604,5.837,22.2051
189,Madurai East,Madurai,South,GEN,needs_source,,,,,,MOORTHY P,DMK,P PANDI,AIADMK,108569.0,75797.0,32772.0,15.28,74.79,50.6213,35.341,2.8819,0.0,1.5368,9.619,MOORTHY P,DMK,GOPALAKRISHNAN R,AIADMK,122729,73125,49604,20.85,71.34,51.5902,30.7387,0.0,0.0,7.4269,10.2442
190,Sholavandan,Madurai,South,SC,needs_source,,,,,,MANICKAM K,AIADMK,BHAVANI.C,DMK,87044.0,62187.0,24857.0,14.94,80.55,37.3891,52.334,1.663,0.0,0.9337,7.6802,VENKATESAN A,DMK,MANICKAM K,AIADMK,84240,67195,17045,9.72,79.49,48.038,38.3181,0.0,0.0,7.947,5.6969
191,Madurai North,Madurai,South,GEN,needs_source,,,,,,RAJAN CHELLAPPA V.V.,AIADMK,KARTHIKEYAN V.,INC,70460.0,51621.0,18839.0,12.2,66.22,0.0,45.6442,0.0,33.4402,2.2939,18.6217,THALAPATHI G,DMK,SARAVANAN P,BJP,73010,50094,22916,14.64,63.6,46.6351,0.0,31.9975,0.0,9.7799,11.5875
192,Madurai South,Madurai,South,GEN,needs_source,,,,,,SARAVANAN .S.S.,AIADMK,BALACHANDRAN .M,DMK,62683.0,38920.0,23763.0,16.21,66.84,26.5464,42.7546,10.9603,0.0,1.7693,17.9694,BOOMINATHAN.M,DMK,SARAVANAN. S.S,AIADMK,62812,56297,6515,4.41,63.8,42.4885,38.0815,0.0,0.0,7.0911,12.3389
193,Madurai Central,Madurai,South,GEN,needs_source,,,,,,PALANIVEL THIAGARAJAN,DMK,JEYABAL M,AIADMK,64662.0,58900.0,5762.0,3.79,65.2,42.5458,38.7546,4.5571,0.0,1.9726,12.1699,PALANIVEL THIAGA RAJAN,DMK,JOTHI MUTHURAMALINGAM N,AIADMK,73205,39029,34176,22.87,61.03,48.9895,26.1186,0.0,0.0,7.5052,17.3867
194,Madurai West,Madurai,South,GEN,needs_source,,,,,,RAJU K,AIADMK,THALAPATHI G,DMK,82529.0,66131.0,16398.0,8.9,65.58,35.9056,44.8089,3.0975,0.0,1.8753,14.3127,RAJU. K,AIADMK,CHINNAMMAL. C,DMK,83883,74762,9121,4.52,65.12,37.067,41.5892,0.0,0.0,9.0355,12.3083
195,Thiruparankundram,Madurai,South,GEN,needs_source,,,,,,SEENIVEL S M,AIADMK,MANIMARAN M,DMK,93453.0,70461.0,22992.0,11.64,71.85,70.1017,102.7882,7.2818,0.0,0.5386,0.0,"RAJANCHELLAPPA, V.V.",AIADMK,PONNUTHAI,CPI(M),103683,74194,29489,12.5,72.73,0.0,43.9616,0.0,0.0,9.6341,46.4043
196,Thirumangalam,Madurai,South,GEN,needs_source,,,,,,UDHAYAKUMAR.R.B,AIADMK,JEYARAM.R,INC,95864.0,72274.0,23590.0,11.56,77.98,0.0,46.9912,1.5985,35.4277,0.9799,15.0027,UDHAYAKUMAR R B,AIADMK,MANIMARAN M,DMK,100338,86251,14087,6.39,78.13,39.117,45.5058,0.0,0.0,5.2577,10.1195
197,Usilampatti,Madurai,South,GEN,needs_source,,,,,,NEETHIPATHI P,AIADMK,ILAMAKEZHAN.K,DMK,106349.0,73443.0,32906.0,16.36,74.7,36.5159,52.8768,1.422,0.0,0.7145,8.4708,AYYAPPAN P,AIADMK,KATHIRAVAN P V,DMK,71255,63778,7477,3.52,73.82,30.0113,33.5297,0.0,0.0,7.2264,29.2326
198,Andipatti,Theni,South,GEN,needs_source,,,,,,THANGATAMILSELVAM,AIADMK,MOOKAIAH.L,DMK,103129.0,72933.0,30196.0,15.2,78.25,36.7219,51.9256,1.7446,0.0,0.6636,8.9443,A.MAHARAJAN,DMK,A.LOGIRAJAN,AIADMK,93541,85003,8538,4.07,74.85,44.6411,40.5665,0.0,0.0,5.3527,9.4397
199,Periyakulam,Theni,South,SC,needs_source,,,,,,KATHIRKAMU.K,AIADMK,ANBAZHAGAN,DMK,90599.0,76249.0,14350.0,7.43,74.94,39.5052,46.9401,2.5983,0.0,0.543,10.4134,K.S.SARAVANAKUMAAR,DMK,M Murugan,AIADMK,92251,70930,21321,10.57,69.94,45.7148,35.1492,0.0,0.0,5.8445,13.2915
200,Bodinayakanur,Theni,South,GEN,needs_source,,,,,,O. PANNEERSELVAM,AIADMK,S. LAKSHMANAN,DMK,99531.0,83923.0,15608.0,7.74,78.28,41.6328,49.3757,1.6123,0.0,0.6568,6.7224,O.PANNEERSELVAM,AIADMK,THANGATAMILSELVAN,DMK,100050,89029,11021,5.13,76.3,41.4484,46.5793,0.0,0.0,5.1742,6.7981
201,Cumbum,Theni,South,GEN,needs_source,,,,,,S.T.K.JAKKAIYAN,AIADMK,CUMBUM.NRAMAKRISHNAN,DMK,91099.0,79878.0,11221.0,5.78,73.83,41.1568,46.9384,2.046,0.0,0.5693,9.2895,N.Ramakrishnan,DMK,Syedukhan.S.P.M,AIADMK,104800,62387,42413,20.97,69.51,51.8107,30.8427,0.0,0.0,6.1041,11.2425
202,Rajapalayam,Virudhunagar,South,GEN,needs_source,,,,,,THANGAPPANDIAN. S.,DMK,SHYAM A.A.S.,AIADMK,74787.0,69985.0,4802.0,2.81,76.06,43.815,41.0017,2.0124,0.0,1.4143,11.7566,THANGAPANDIAN S.,DMK,RAJENTHRABHALAJI K.T,AIADMK,74158,70260,3898,2.18,73.89,41.4967,39.3155,0.0,0.0,8.7254,10.4624
203,Srivilliputhur,Virudhunagar,South,SC,needs_source,,,,,,CHANDRA PRABHA. M,AIADMK,MUTHUKUMAR.C,Other,88103.0,51430.0,36673.0,20.53,76.61,0.0,49.3215,3.0773,0.0,2.1458,45.4554,"MANRAJ, E.M.",AIADMK,"MADHAVARAO, P.S.W.",INC,70475,57737,12738,6.88,73.14,0.0,38.0866,0.0,31.2026,10.9966,19.7142
204,Sattur,Virudhunagar,South,GEN,needs_source,,,,,,SUBRAMANIANS.G.,AIADMK,SRINIVASANV.,DMK,71513.0,67086.0,4427.0,2.52,78.22,38.1303,40.6465,1.9365,0.0,0.8639,18.4228,"RAGHURAMAN,  A.R.R.",DMK,"RAVICHANDHRAN, R.K.",AIADMK,74174,62995,11179,5.83,75.17,38.676,32.847,0.0,0.0,6.5835,21.8935
205,Sivakasi,Virudhunagar,South,GEN,needs_source,,,,,,RAJENTHRABHALAJI K.T,AIADMK,SREERAJA C.,INC,76734.0,61986.0,14748.0,8.39,73.89,0.0,43.6728,3.5224,35.2791,1.8469,15.6788,Ashokan.G,INC,Lakshmi Ganesan,AIADMK,78947,61628,17319,9.36,70.16,0.0,33.304,0.0,42.6632,11.2755,12.7573
206,Virudhunagar,Virudhunagar,South,GEN,needs_source,,,,,,SEENIVASAN A.R.R,DMK,KALANITHI.K,AIADMK,65499.0,62629.0,2870.0,1.87,73.62,42.7129,40.8414,4.5733,0.0,1.6049,10.2675,SEENIVASAN A.R.R,DMK,PANDURANGAN G,BJP,73297,51958,21339,13.2,71.27,45.3242,0.0,32.129,0.0,8.8494,13.6974
207,Aruppukkottai,Virudhunagar,South,GEN,needs_source,,,,,,RAMACHANDRAN.K.K.S.S.R,DMK,VAIGAICHELVAN.DR,AIADMK,81485.0,63431.0,18054.0,10.95,79.17,49.4121,38.4642,1.9544,0.0,0.8514,9.3179,K.K.S.S.R.RAMACHANDRAN,DMK,VAIGAICHELVAN,AIADMK,91040,52006,39034,22.8,75.6,53.1773,30.3772,0.0,0.0,7.2383,9.2072
208,Tiruchuli,Virudhunagar,South,GEN,needs_source,,,,,,THANGAM THENARASU,DMK,DINESH BABU K.,AIADMK,89927.0,63350.0,26577.0,15.84,80.98,53.6103,37.7663,1.0606,0.0,0.4739,7.0889,THANGAM THENARASU,DMK,RAJASEKAR S,AIADMK,102225,41233,60992,35.29,77.46,59.1542,23.8602,0.0,0.0,7.9781,9.0075
209,Paramakudi,Ramanathapuram,South,SC,needs_source,,,,,,MUTHIAH.S.DR,AIADMK,THISAIVEERAN.U,DMK,79254.0,67865.0,11389.0,6.74,68.71,40.1547,46.8934,5.6429,0.0,1.5709,5.7381,MURUGESAN S,DMK,SADHAN PRABHAKAR N,AIADMK,84864,71579,13285,7.29,70.59,46.5881,39.295,0.0,0.0,9.0196,5.0973
210,Tiruvadanai,Ramanathapuram,South,GEN,needs_source,,,,,,KARUNAAS,AIADMK,THIVAKARAN. S.P,DMK,76786.0,68090.0,8696.0,4.66,68.21,36.4802,41.1393,6.3445,0.0,2.0032,14.0328,KARUMANICKAM,INC,K C ANIMUTHU,AIADMK,79364,65512,13852,6.86,68.72,0.0,32.4614,0.0,39.3251,8.1763,20.0372
211,Ramanathapuram,Ramanathapuram,South,GEN,needs_source,,,,,,MANIKANDAN.M,AIADMK,JAWAHIRULLAH.M.H,Other,89365.0,56143.0,33222.0,17.21,67.86,0.0,46.3026,7.787,0.0,2.073,43.8374,KATHARBATCHA MUTHURAMALINGAM,DMK,D.KUPPURAMU,BJP,111082,60603,50479,23.58,68.81,51.8837,0.0,28.3062,0.0,7.9618,11.8483
212,Mudhukulathur,Ramanathapuram,South,GEN,needs_source,,,,,,S.PANDI,INC,M.KEERTHIKA,AIADMK,94946.0,81598.0,13348.0,6.57,68.35,0.0,40.1415,2.6604,46.7079,0.9804,9.5098,R.S.RAJAKANNAPPAN,DMK,KEERTHIKA,AIADMK,101901,81180,20721,9.37,70.29,46.0647,36.6977,0.0,0.0,5.0829,12.1547
213,Vilathikulam,Thoothukudi,South,GEN,needs_source,,,,,,UMA MAHESWARI K,AIADMK,BEEMARAJ S,DMK,71496.0,52778.0,18718.0,12.25,74.28,34.5417,46.7921,4.2155,0.0,1.1558,13.2949,MARKANDAYAN V,DMK,CHINNAPPAN P,AIADMK,90348,51799,38549,23.06,76.52,54.0459,30.986,0.0,0.0,7.0755,7.8926
214,Thoothukkudi,Thoothukudi,South,GEN,needs_source,,,,,,GEETHA JEEVAN P,DMK,CHELLAPANDIAN.S.T.,AIADMK,88045.0,67137.0,20908.0,11.03,69.36,46.4647,35.4307,3.2984,0.0,1.97,12.8362,P.Geetha Jeevan,DMK,SDR Vijayaseelan,AIADMK,92314,42004,50310,26.7,65.07,48.9971,22.2943,0.0,0.0,16.4203,12.2883
215,Tiruchendur,Thoothukudi,South,GEN,needs_source,,,,,,ANITHA R RADHAKRISHNAN,DMK,SARATHKUMAR.R,AIADMK,88357.0,62356.0,26001.0,15.59,73.46,52.9693,37.3819,2.5712,0.0,1.2236,5.854,Anitha R. Radhakrishnan,DMK,Radhakrishnan M,AIADMK,88274,63011,25263,14.47,70.04,50.5764,36.102,0.0,0.0,8.6303,4.6913
216,Srivaikuntam,Thoothukudi,South,GEN,needs_source,,,,,,SHANMUGANATHAN S.P,AIADMK,RANI VENKATESAN V,INC,65198.0,61667.0,3531.0,2.27,74.89,0.0,41.9641,6.1674,39.6914,1.36,10.8171,Amirtharaj .S,INC,S.P.SHUNMUGANATHAN,AIADMK,76843,59471,17372,10.57,72.34,0.0,36.1777,0.0,46.7455,7.7294,9.3474
217,Ottapidaram,Thoothukudi,South,SC,needs_source,,,,,,SUNDARARAJ.R,AIADMK,DR.KRISHNASAMY.K,Other,65071.0,64578.0,493.0,0.31,72.66,0.0,40.5692,3.6977,0.0,2.3642,53.3689,SHUNMUGAIAH C,DMK,MOHAN P,AIADMK,73110,64600,8510,4.79,69.82,41.11,36.3248,0.0,0.0,12.6029,9.9623
218,Kovilpatti,Thoothukudi,South,GEN,needs_source,,,,,,C. KADAMBUR RAJU,AIADMK,A.SUBRAMANIAN,DMK,64514.0,64086.0,428.0,0.26,66.7,38.6976,38.9561,0.0,0.0,1.2499,21.0964,KADAMBUR RAJU,AIADMK,TTV DHINAKARAN,AMMK,68556,56153,12403,6.86,67.43,0.0,37.8913,0.0,0.0,5.0921,57.0166
219,Sankarankovil,Tenkasi,South,SC,needs_source,,,,,,RAJALAKSHMI M,AIADMK,ANBUMANI G,DMK,78751.0,64262.0,14489.0,8.16,75.97,36.2019,44.3643,2.3897,0.0,1.3949,15.6492,RAJA E,DMK,RAJALAKSHMI V M,AIADMK,71347,66050,5297,2.89,71.48,38.9156,36.0264,0.0,0.0,7.5549,17.5031
220,Vasudevanallur,Tenkasi,South,SC,needs_source,,,,,,MANOHARAN A,AIADMK,ANBALAGAN S,Other,73904.0,55146.0,18758.0,11.44,74.14,0.0,45.0615,4.3419,0.0,2.4438,48.1528,"SADHAN THIRUMALAIKUMAR, DOCTOR.T",DMK,MANOHARAN A,AIADMK,68730,66363,2367,1.35,71.87,39.0776,37.7318,0.0,0.0,9.5127,13.6779
221,Kadayanallur,Tenkasi,South,GEN,needs_source,,,,,,MUHAMMED ABUBACKER.K.A.M,IUML,SHEIK DAWOOD. S,AIADMK,70763.0,69569.0,1194.0,0.63,71.26,0.0,36.8603,7.5693,0.0,0.8907,54.6797,C.KRISHNAMURALI,AIADMK,K.A.M.MUHAMMED ABUBACKER,IUML,88474,64125,24349,11.86,70.35,0.0,43.0795,0.0,0.0,4.9354,51.9851
222,Tenkasi,Tenkasi,South,GEN,needs_source,,,,,,SELVAMOHANDAS PANDIAN S,AIADMK,PALANI NADAR S,INC,86339.0,85877.0,462.0,0.23,76.93,0.0,42.5787,5.7778,42.3509,1.4292,7.8634,PALANI NADAR.S,INC,SELVA MOHANDAS PANDIAN.S,AIADMK,89315,88945,370,0.17,72.4,0.0,41.5421,0.0,41.7149,7.1627,9.5803
223,Alangulam,Tenkasi,South,GEN,needs_source,,,,,,DR. POONGOTHAI ALADI ARUNA,DMK,HEPZI KARTHIKEYAN,AIADMK,88891.0,84137.0,4754.0,2.46,79.04,45.9798,43.5208,2.4104,0.0,1.2906,6.7984,PAUL MANOJ PANDIAN,AIADMK,DR.POONGOTHAI ALADI ARUNA,DMK,74153,70614,3539,1.74,77.4,34.7035,36.4428,0.0,0.0,6.1525,22.7012
224,Tirunelveli,Tirunelveli,South,GEN,needs_source,,,,,,LAKSHMANAN A.L.S.,DMK,NAINAR NAGENTHRAN,AIADMK,81761.0,81160.0,601.0,0.32,70.48,43.1283,42.8113,3.1739,0.0,1.1109,9.7756,Nainar Nagenthran,BJP,"Lakshmanan,A.L.S.",DMK,92282,69175,23107,11.69,66.91,35.0099,0.0,46.7045,0.0,9.698,8.5876
225,Ambasamudram,Tirunelveli,South,GEN,needs_source,,,,,,R. MURUGAIAH PANDIAN,AIADMK,AVUDAIAPPAN. R,DMK,78555.0,65389.0,13166.0,7.68,72.97,38.1215,45.7972,2.7465,0.0,1.0366,12.2982,E.SUBAYA,AIADMK,R.AVUDAIAPPAN,DMK,85211,68296,16915,9.52,72.03,38.4374,47.9573,0.0,0.0,7.7301,5.8752
226,Palayamkottai,Tirunelveli,South,GEN,needs_source,,,,,,MOHIDEEN KHANT.P.M,DMK,HYDER ALI S.K.A,AIADMK,67463.0,51591.0,15872.0,10.26,61.0,43.6236,33.3603,4.5671,0.0,1.6761,16.7729,ABDUL WAHAB .M,DMK,GERALD .G,AIADMK,89117,36976,52141,32.37,57.76,55.3209,22.9535,0.0,0.0,7.2412,14.4844
227,Nanguneri,Tirunelveli,South,GEN,needs_source,,,,,,VASANTHAKUMAR. H,INC,VIJAYAKUMAR. M,AIADMK,74932.0,57617.0,17315.0,10.04,71.35,0.0,33.407,3.832,43.4464,1.3481,17.9665,RUBY R MANOHARAN,INC,GANESARAJA,AIADMK,75902,59416,16486,8.56,68.59,0.0,30.8619,0.0,39.4251,9.1699,20.5431
228,Radhapuram,Tirunelveli,South,GEN,needs_source,,,,,,I. S. INBADURAI,AIADMK,M. APPAVU,DMK,69590.0,69541.0,49.0,0.03,71.37,40.5873,40.6159,6.4966,0.0,1.8239,10.4763,M.Appavu,DMK,I.S.Inbadurai,AIADMK,82331,76406,5925,3.16,68.08,43.9544,40.7912,0.0,0.0,10.3417,4.9127
229,Kanniyakumari,Kanniyakumari,South,GEN,needs_source,,,,,,AUSTIN. S,DMK,THALAVAI SUNDARAM. N,AIADMK,89023.0,83111.0,5912.0,2.82,75.07,42.4073,39.591,11.7366,0.0,0.8251,5.44,THALAVAI SUNDARAM N.,AIADMK,AUSTIN S.,DMK,109745,93532,16213,7.21,75.19,41.5931,48.8029,0.0,0.0,6.288,3.316
230,Nagercoil,Kanniyakumari,South,GEN,needs_source,,,,,,SURESH RAJAN N,DMK,GANDHI M.R,BJP,67369.0,46413.0,20956.0,12.09,65.74,38.8688,26.4383,26.7782,0.0,1.0702,6.8445,Gandhi M.R.,BJP,Suresh Rajan N.,DMK,88804,77135,11669,6.34,67.06,41.8791,0.0,48.2146,0.0,5.8382,4.0681
231,Colachal,Kanniyakumari,South,GEN,needs_source,,,,,,PRINCE J.G.,INC,RAMESH P,BJP,67195.0,41167.0,26028.0,15.57,63.78,0.0,23.455,24.6207,40.1872,1.3642,10.3729,Prince J.G.,INC,Ramesh P.,BJP,90681,65849,24832,13.57,67.27,0.0,0.0,35.9892,49.5609,9.9481,4.5018
232,Padmanabhapuram,Kanniyakumari,South,GEN,needs_source,,,,,,MANO THANGARAJ T,DMK,RAJENDRA PRASAD K P,AIADMK,76249.0,35344.0,40905.0,25.32,68.34,47.1955,21.8767,19.8032,0.0,0.5113,10.6133,"Mano Thangaraj, T.",DMK,"John Thankam, D.",AIADMK,87744,60859,26885,15.8,70.08,51.5668,35.7666,0.0,0.0,8.1684,4.4982
233,Vilavancode,Kanniyakumari,South,GEN,needs_source,,,,,,VIJAYADHARANI S,INC,DHARMARAJ C,BJP,68789.0,35646.0,33143.0,20.44,66.34,0.0,15.2961,21.9848,42.4259,0.4527,19.8405,VIJAYADHARANI S,INC,JAYASEELAN R,BJP,87473,58804,28669,17.08,66.83,0.0,0.0,35.0366,52.1181,7.3238,5.5215
234,Killiyoor,Kanniyakumari,South,GEN,needs_source,,,,,,RAJESH KUMAR S,INC,PON. VIJAYARAGAVAN,BJP,77356.0,31061.0,46295.0,30.2,60.66,0.0,16.8732,20.2651,50.4694,0.8664,11.5259,RAJESH KUMAR  S,INC,JUDE DEV   K.V,AIADMK,101541,46141,55400,32.6,65.87,0.0,27.1549,0.0,59.7588,8.5435,4.5428
