ac_no,ac_name,district,region,reservation,urban_rural_type,winner_2021,winner_party_2021,runner_up_2021,runner_up_party_2021,winner_votes_2021,runner_up_votes_2021,margin_votes_2021,margin_pct_2021,turnout_pct_2021,dmk_vote_share_2021,aiadmk_vote_share_2021,bjp_vote_share_2021,congress_vote_share_2021,ntk_vote_share_2021,others_vote_share_2021,dmk_alliance_vote_share_2024,aiadmk_alliance_vote_share_2024,bjp_nda_vote_share_2024,ntk_vote_share_2024,others_vote_share_2024,winning_alliance_2024,contesting_alliance_2026,dmk_alliance_candidate_2026,aiadmk_nda_candidate_2026,tvk_candidate_2026,ntk_candidate_2026,bjp_candidate_2026_if_separate,incumbent_party,incumbent_candidate,incumbent_contesting_again,alliance_change_flag,rebel_candidate_flag,strong_local_candidate_flag
1,Gummidipoondi,Tiruvallur,Chennai_Metro,GEN,needs_source,GOVINDARAJAN T.J,DMK,PRAKASH M,PMK,126452,75514,50938,22.94,78.08,56.9427,0.0,0.0,0.0,5.2691,37.7882,,,,,,needs_source,needs_source,needs_source,needs_source,needs_source,needs_source,needs_source,needs_source,needs_source,needs_source,needs_source,needs_source,needs_source
2,Ponneri,Tiruvallur,Chennai_Metro,SC,needs_source,DURAI. CHANDRASEKAR,INC,BALARAMAN. P,AIADMK,94528,84839,9689,4.61,78.2,0.0,40.3315,0.0,44.9376,9.0452,5.6857,,,,,,needs_source,needs_source,needs_source,needs_source,needs_source,needs_source,needs_source,needs_source,needs_source,needs_source,needs_source,needs_source,needs_source
3,Tiruttani,Tiruvallur,Chennai_Metro,GEN,needs_source,S.Chandran,DMK,G.Hari,AIADMK,120314,91061,29253,12.58,78.76,51.7204,39.1451,0.0,0.0,5.1615,3.973,,,,,,needs_source,needs_source,needs_source,needs_source,needs_source,needs_source,needs_source,needs_source,needs_source,needs_source,needs_source,needs_source,needs_source
4,Thiruvallur,Tiruvallur,Chennai_Metro,GEN,needs_source,"RAAJENDRAN, V.G.",DMK,"RAMANAH, BE VEE",AIADMK,107709,85008,22701,10.6,77.2,50.2742,39.6783,0.0,0.0,7.0145,3.033,,,,,,needs_source,needs_source,needs_source,needs_source,needs_source,needs_source,needs_source,needs_source,needs_source,needs_source,needs_source,needs_source,needs_source
5,Poonamallee,Tiruvallur,Chennai_Metro,SC,needs_source,Krishnaswamy A,DMK,Rajamannar S X,PMK,149578,55468,94110,35.68,72.99,56.715,0.0,0.0,0.0,11.3261,31.9589,,,,,,needs_source,needs_source,needs_source,needs_source,needs_source,needs_source,needs_source,needs_source,needs_source,needs_source,needs_source,needs_source,needs_source
6,Avadi,Tiruvallur,Chennai_Metro,GEN,needs_source,Nasar S M,DMK,Pandiarajan K,AIADMK,150287,95012,55275,18.37,67.37,49.9413,31.5731,0.0,0.0,9.9981,8.4875,,,,,,needs_source,needs_source,needs_source,needs_source,needs_source,needs_source,needs_source,needs_source,needs_source,needs_source,needs_source,needs_source,needs_source
7,Maduravoyal,Tiruvallur,Chennai_Metro,GEN,needs_source,GANAPATHY.K,DMK,BENJAMIN.P,AIADMK,121298,89577,31721,11.58,60.3,44.2904,32.7079,0.0,0.0,7.6843,15.3174,,,,,,needs_source,needs_source,needs_source,needs_source,needs_source,needs_source,needs_source,needs_source,needs_source,needs_source,needs_source,needs_source,needs_source
8,Ambattur,Tiruvallur,Chennai_Metro,GEN,needs_source,JOSEPH SAMUEL,DMK,V ALEXANDER,AIADMK,114554,72408,42146,17.54,62.01,47.6714,30.1325,0.0,0.0,9.447,12.7491,,,,,,needs_source,needs_source,needs_source,needs_source,needs_source,needs_source,needs_source,needs_source,needs_source,needs_source,needs_source,needs_source,needs_source
9,Madavaram,Tiruvallur,Chennai_Metro,GEN,needs_source,SUDHARSANAM. S,DMK,Moorthy. V,AIADMK,151485,94414,57071,18.85,66.37,50.0446,31.1906,0.0,0.0,9.0694,9.6954,,,,,,needs_source,needs_source,needs_source,needs_source,needs_source,needs_source,needs_source,needs_source,needs_source,needs_source,needs_source,needs_source,needs_source
10,Thiruvottiyur,Tiruvallur,Chennai_Metro,GEN,needs_source,K.P.SHANKAR,DMK,K.KUPPAN,AIADMK,88185,50524,37661,18.83,65.15,44.0934,25.2625,0.0,0.0,24.299,6.3451,,,,,,needs_source,needs_source,needs_source,needs_source,needs_source,needs_source,needs_source,needs_source,needs_source,needs_source,needs_source,needs_source,needs_source
11,Dr. Radhakrishnan Nagar,Chennai,Chennai_Metro,GEN,needs_source,EBENEZER. J.J. (@)  JOHN EBENEZER.J,DMK,RAAJESH.R.S.,AIADMK,95763,53284,42479,22.71,70.98,51.2028,28.49,0.0,0.0,10.9273,9.3799,,,,,,needs_source,needs_source,needs_source,needs_source,needs_source,needs_source,needs_source,needs_source,needs_source,needs_source,needs_source,needs_source,needs_source
12,Perambur,Chennai,Chennai_Metro,GEN,needs_source,SHEKAR. R.D,DMK,DHANAPALAN N.R,AIADMK,105267,50291,54976,27.43,63.0,52.5319,25.0969,0.0,0.0,9.8914,12.4798,,,,,,needs_source,needs_source,needs_source,needs_source,needs_source,needs_source,needs_source,needs_source,needs_source,needs_source,needs_source,needs_source,needs_source
13,Kolathur,Chennai,Chennai_Metro,GEN,needs_source,M.K. STALIN,DMK,AADIRAJARAM,AIADMK,105522,35138,70384,40.59,61.04,60.8589,20.2655,0.0,0.0,6.5051,12.3705,,,,,,needs_source,needs_source,needs_source,needs_source,needs_source,needs_source,needs_source,needs_source,needs_source,needs_source,needs_source,needs_source,needs_source
14,Villivakkam,Chennai,Chennai_Metro,GEN,needs_source,A . Vetriazhagan,DMK,J.C.D.Prabhakar,AIADMK,76127,38890,37237,25.84,55.92,52.8322,26.9897,0.0,0.0,7.5743,12.6038,,,,,,needs_source,needs_source,needs_source,needs_source,needs_source,needs_source,needs_source,needs_source,needs_source,needs_source,needs_source,needs_source,needs_source
15,Thiru-Vi-Ka-Nagar,Chennai,Chennai_Metro,SC,needs_source,SIVAKUMAR.P,DMK,KALYANI.P.L,AIADMK,81727,26714,55013,41.15,60.62,61.129,19.9812,0.0,0.0,8.1685,10.7213,,,,,,needs_source,needs_source,needs_source,needs_source,needs_source,needs_source,needs_source,needs_source,needs_source,needs_source,needs_source,needs_source,needs_source
16,Egmore,Chennai,Chennai_Metro,SC,needs_source,I.PARANTHAMEN,DMK,B.JOHN PANDIAN,AIADMK,68832,30064,38768,32.5,61.13,57.7106,25.2065,0.0,0.0,5.262,11.8209,,,,,,needs_source,needs_source,needs_source,needs_source,needs_source,needs_source,needs_source,needs_source,needs_source,needs_source,needs_source,needs_source,needs_source
17,Royapuram,Chennai,Chennai_Metro,GEN,needs_source,MURTHY.R.IDREAM,DMK,JAYAKUMAR.D,AIADMK,64424,36645,27779,22.92,62.6,53.1591,30.2374,0.0,0.0,6.5624,10.0411,,,,,,needs_source,needs_source,needs_source,needs_source,needs_source,needs_source,needs_source,needs_source,needs_source,needs_source,needs_source,needs_source,needs_source
18,Harbour,Chennai,Chennai_Metro,GEN,needs_source,SEKARBABU. P.K,DMK,VINOJ. P. SELVAM,BJP,59317,32043,27274,26.83,57.64,58.3542,0.0,31.5229,0.0,3.3025,6.8204,,,,,,needs_source,needs_source,needs_source,needs_source,needs_source,needs_source,needs_source,needs_source,needs_source,needs_source,needs_source,needs_source,needs_source
19,Chepauk-Thiruvallikeni,Chennai,Chennai_Metro,GEN,needs_source,UDHAYANIDHI STALIN,DMK,KASSALI A.V.A,PMK,93285,23930,69355,50.47,58.33,67.8905,0.0,0.0,0.0,6.6904,25.4191,,,,,,needs_source,needs_source,needs_source,needs_source,needs_source,needs_source,needs_source,needs_source,needs_source,needs_source,needs_source,needs_source,needs_source
20,Thousand Lights,Chennai,Chennai_Metro,GEN,needs_source,EZHILAN N,DMK,KUSHBOO SUNDAR,BJP,71867,39405,32462,23.88,56.25,52.8667,0.0,28.9871,0.0,6.5352,11.611,,,,,,needs_source,needs_source,needs_source,needs_source,needs_source,needs_source,needs_source,needs_source,needs_source,needs_source,needs_source,needs_source,needs_source
21,Anna Nagar,Chennai,Chennai_Metro,GEN,needs_source,M.K. Mohan,DMK,S. Gokula Indira,AIADMK,80054,52609,27445,16.62,57.33,48.4894,31.8657,0.0,0.0,6.303,13.3419,,,,,,needs_source,needs_source,needs_source,needs_source,needs_source,needs_source,needs_source,needs_source,needs_source,needs_source,needs_source,needs_source,needs_source
22,Virugampakkam,Chennai,Chennai_Metro,GEN,needs_source,AMV.PRABHAKARA RAJA,DMK,VIRUGAI V.N.RAVI,AIADMK,74351,55984,18367,10.86,57.59,43.972,33.1096,0.0,0.0,6.0235,16.8949,,,,,,needs_source,needs_source,needs_source,needs_source,needs_source,needs_source,needs_source,needs_source,needs_source,needs_source,needs_source,needs_source,needs_source
23,Saidapet,Chennai,Chennai_Metro,GEN,needs_source,SUBRAMANIAN. MA,DMK,SAIDAI DURAISAMY,AIADMK,80194,50786,29408,18.34,57.36,50.019,31.6765,0.0,0.0,6.6845,11.62,,,,,,needs_source,needs_source,needs_source,needs_source,needs_source,needs_source,needs_source,needs_source,needs_source,needs_source,needs_source,needs_source,needs_source
24,Thiyagarayanagar,Chennai,Chennai_Metro,GEN,needs_source,KARUNANITHI J,DMK,SATHIYANAARAYANAN B,AIADMK,56035,55898,137,0.1,55.99,40.5716,40.4724,0.0,0.0,5.9979,12.9581,,,,,,needs_source,needs_source,needs_source,needs_source,needs_source,needs_source,needs_source,needs_source,needs_source,needs_source,needs_source,needs_source,needs_source
25,Mylapore,Chennai,Chennai_Metro,GEN,needs_source,VELU.DHA,DMK,NATARAJ.R,AIADMK,68392,55759,12633,8.23,56.6,44.5754,36.3417,0.0,0.0,6.5984,12.4845,,,,,,needs_source,needs_source,needs_source,needs_source,needs_source,needs_source,needs_source,needs_source,needs_source,needs_source,needs_source,needs_source,needs_source
26,Velachery,Chennai,Chennai_Metro,GEN,needs_source,JMH.AASSAN MAULAANA,INC,M.K.ASHOK,AIADMK,68493,64141,4352,2.46,56.18,0.0,36.2965,0.0,38.7592,8.0192,16.9251,,,,,,needs_source,needs_source,needs_source,needs_source,needs_source,needs_source,needs_source,needs_source,needs_source,needs_source,needs_source,needs_source,needs_source
27,Sholinganallur,Chengalpattu,Chennai_Metro,GEN,needs_source,S.ARAVINDRAMESH,DMK,K.P.KANDAN,AIADMK,171558,136153,35405,9.12,55.51,44.1756,35.0589,0.0,0.0,10.0094,10.7561,,,,,,needs_source,needs_source,needs_source,needs_source,needs_source,needs_source,needs_source,needs_source,needs_source,needs_source,needs_source,needs_source,needs_source
28,Alandur,Kancheepuram,Chennai_Metro,GEN,needs_source,T.M.Anbarasan,DMK,B.Valarmathi,AIADMK,116785,76214,40571,17.06,60.82,49.1207,32.0562,0.0,0.0,6.9426,11.8805,,,,,,needs_source,needs_source,needs_source,needs_source,needs_source,needs_source,needs_source,needs_source,needs_source,needs_source,needs_source,needs_source,needs_source
29,Sriperumbudur,Kancheepuram,Chennai_Metro,SC,needs_source,SELVAPERUNTHAGAI,INC,PALANI,AIADMK,115353,104474,10879,4.12,73.94,0.0,39.5343,0.0,43.651,8.3379,8.4768,,,,,,needs_source,needs_source,needs_source,needs_source,needs_source,needs_source,needs_source,needs_source,needs_source,needs_source,needs_source,needs_source,needs_source
30,Pallavaram,Chengalpattu,Chennai_Metro,GEN,needs_source,KARUNANITHI,DMK,RAJENDRAN,AIADMK,126427,88646,37781,14.19,60.86,47.4943,33.3013,0.0,0.0,8.025,11.1794,,,,,,needs_source,needs_source,needs_source,needs_source,needs_source,needs_source,needs_source,needs_source,needs_source,needs_source,needs_source,needs_source,needs_source
31,Tambaram,Chengalpattu,Chennai_Metro,GEN,needs_source,Raja.S.R,DMK,Chinnaiyah.T.K.M,AIADMK,116840,80016,36824,14.79,59.55,46.9297,32.1391,0.0,0.0,7.8299,13.1013,,,,,,needs_source,needs_source,needs_source,needs_source,needs_source,needs_source,needs_source,needs_source,needs_source,needs_source,needs_source,needs_source,needs_source
32,Chengalpattu,Chengalpattu,Chennai_Metro,GEN,needs_source,VARALAKSHMI.M,DMK,GAJENDRAN.M,AIADMK,130573,103908,26665,9.73,63.54,47.6393,37.9106,0.0,0.0,9.8027,4.6474,,,,,,needs_source,needs_source,needs_source,needs_source,needs_source,needs_source,needs_source,needs_source,needs_source,needs_source,needs_source,needs_source,needs_source
33,Thiruporur,Chengalpattu,Chennai_Metro,GEN,needs_source,S.S.Balaji,VCK,Arumugam.K,PMK,93954,92007,1947,0.86,76.36,0.0,0.0,0.0,0.0,9.0099,90.9901,,,,,,needs_source,needs_source,needs_source,needs_source,needs_source,needs_source,needs_source,needs_source,needs_source,needs_source,needs_source,needs_source,needs_source
34,Cheyyur,Chengalpattu,Chennai_Metro,SC,needs_source,Babu M,VCK,Kanitha S,AIADMK,82750,78708,4042,2.26,77.88,0.0,43.9415,0.0,0.0,5.3891,50.6694,,,,,,needs_source,needs_source,needs_source,needs_source,needs_source,needs_source,needs_source,needs_source,needs_source,needs_source,needs_source,needs_source,needs_source
35,Madurantakam,Chengalpattu,Chennai_Metro,SC,needs_source,Maragatham. K,AIADMK,Sathya. C.E,DMK,86646,83076,3570,1.92,80.65,44.7025,46.6235,0.0,0.0,5.0005,3.6735,,,,,,needs_source,needs_source,needs_source,needs_source,needs_source,needs_source,needs_source,needs_source,needs_source,needs_source,needs_source,needs_source,needs_source
36,Uthiramerur,Kancheepuram,Chennai_Metro,GEN,needs_source,SUNDAR K,DMK,SOMASUNDARAM V,AIADMK,93427,91805,1622,0.77,80.1,44.3773,43.6068,0.0,0.0,5.4173,6.5986,,,,,,needs_source,needs_source,needs_source,needs_source,needs_source,needs_source,needs_source,needs_source,needs_source,needs_source,needs_source,needs_source,needs_source
37,Kancheepuram,Kancheepuram,Chennai_Metro,GEN,needs_source,C.V.M.P. Ezhailzrasan,DMK,P. Magesh Kumar,PMK,102712,91117,11595,5.05,73.28,44.7679,0.0,0.0,0.0,6.0785,49.1536,,,,,,needs_source,needs_source,needs_source,needs_source,needs_source,needs_source,needs_source,needs_source,needs_source,needs_source,needs_source,needs_source,needs_source
38,Arakkonam,Ranipet,North,SC,needs_source,S.RAVI,AIADMK,GOWTHAMA SANNAH.J,VCK,85399,58230,27169,15.85,74.89,0.0,49.8209,0.0,0.0,8.5356,41.6435,,,,,,needs_source,needs_source,needs_source,needs_source,needs_source,needs_source,needs_source,needs_source,needs_source,needs_source,needs_source,needs_source,needs_source
39,Sholingur,Ranipet,North,GEN,needs_source,A.M.MUNIRATHINAM,INC,A.M.KRISHNAN,PMK,110228,83530,26698,11.91,80.09,0.0,0.0,0.0,49.185,4.3086,46.5064,,,,,,needs_source,needs_source,needs_source,needs_source,needs_source,needs_source,needs_source,needs_source,needs_source,needs_source,needs_source,needs_source,needs_source
40,Katpadi,Vellore,North,GEN,needs_source,DURAIMURUGAN,DMK,V RAMU,AIADMK,85140,84394,746,0.4,74.0,45.7137,45.3132,0.0,0.0,5.6103,3.3628,,,,,,needs_source,needs_source,needs_source,needs_source,needs_source,needs_source,needs_source,needs_source,needs_source,needs_source,needs_source,needs_source,needs_source
41,Ranipet,Ranipet,North,GEN,needs_source,R.GANDHI,DMK,S.M.SUGUMAR,AIADMK,103291,86793,16498,7.95,77.24,49.7879,41.8356,0.0,0.0,4.933,3.4435,,,,,,needs_source,needs_source,needs_source,needs_source,needs_source,needs_source,needs_source,needs_source,needs_source,needs_source,needs_source,needs_source,needs_source
42,Arcot,Ranipet,North,GEN,needs_source,J.L.Eswarappan,DMK,Elavazagan.K.L,PMK,103885,83927,19958,9.51,79.62,49.5183,0.0,0.0,0.0,5.7619,44.7198,,,,,,needs_source,needs_source,needs_source,needs_source,needs_source,needs_source,needs_source,needs_source,needs_source,needs_source,needs_source,needs_source,needs_source
43,Vellore,Vellore,North,GEN,needs_source,Karthikeyan .P,DMK,Appu S.R.K,AIADMK,84299,75118,9181,5.1,70.25,46.8591,41.7557,0.0,0.0,4.7415,6.6437,,,,,,needs_source,needs_source,needs_source,needs_source,needs_source,needs_source,needs_source,needs_source,needs_source,needs_source,needs_source,needs_source,needs_source
44,Anaikattu,Vellore,North,GEN,needs_source,A.P.Nandakumar,DMK,D.Velazhagan,AIADMK,95159,88799,6360,3.22,77.05,48.1075,44.8922,0.0,0.0,4.1076,2.8927,,,,,,needs_source,needs_source,needs_source,needs_source,needs_source,needs_source,needs_source,needs_source,needs_source,needs_source,needs_source,needs_source,needs_source
45,Kilvaithinankuppam,Vellore,North,SC,needs_source,M.JAGAN MOORTHY,AIADMK,K Seetharaman,DMK,84579,73997,10582,6.08,76.5,42.4967,48.574,0.0,0.0,5.7585,3.1708,,,,,,needs_source,needs_source,needs_source,needs_source,needs_source,needs_source,needs_source,needs_source,needs_source,needs_source,needs_source,needs_source,needs_source
46,Gudiyattam,Vellore,North,SC,needs_source,Amulu.V,DMK,Paritha.G,AIADMK,100412,93511,6901,3.26,72.56,47.447,44.1861,0.0,0.0,5.5918,2.7751,,,,,,needs_source,needs_source,needs_source,needs_source,needs_source,needs_source,needs_source,needs_source,needs_source,needs_source,needs_source,needs_source,needs_source
47,Vaniyambadi,Tirupattur,North,GEN,needs_source,G.SENDHIL KUMAR,AIADMK,N.MOHAMMED NAYEEM,IUML,88018,83114,4904,2.58,75.55,0.0,46.326,0.0,0.0,5.9085,47.7655,,,,,,needs_source,needs_source,needs_source,needs_source,needs_source,needs_source,needs_source,needs_source,needs_source,needs_source,needs_source,needs_source,needs_source
48,Ambur,Tirupattur,North,GEN,needs_source,VILWANATHAN.A.C,DMK,NAZAR MOHAMED.K,AIADMK,90476,70244,20232,11.37,74.01,50.8641,39.49,0.0,0.0,5.7062,3.9397,,,,,,needs_source,needs_source,needs_source,needs_source,needs_source,needs_source,needs_source,needs_source,needs_source,needs_source,needs_source,needs_source,needs_source
49,Jolarpet,Tirupattur,North,GEN,needs_source,DEVARAJI.K.,DMK,VEERAMANI.K.C.,AIADMK,89490,88399,1091,0.56,80.98,45.5749,45.0193,0.0,0.0,6.7876,2.6182,,,,,,needs_source,needs_source,needs_source,needs_source,needs_source,needs_source,needs_source,needs_source,needs_source,needs_source,needs_source,needs_source,needs_source
50,Tirupattur,Tirupattur,North,GEN,needs_source,A. NALLATHAMBI,DMK,T.K. RAJA,PMK,96522,68282,28240,15.19,76.97,51.9131,0.0,0.0,0.0,6.5223,41.5646,,,,,,needs_source,needs_source,needs_source,needs_source,needs_source,needs_source,needs_source,needs_source,needs_source,needs_source,needs_source,needs_source,needs_source
51,Uthangarai,Krishnagiri,North,SC,needs_source,T.M.TAMILSELVAM,AIADMK,S.Arumugam,INC,99675,71288,28387,15.08,78.37,0.0,52.9558,0.0,37.8742,5.5381,3.6319,,,,,,needs_source,needs_source,needs_source,needs_source,needs_source,needs_source,needs_source,needs_source,needs_source,needs_source,needs_source,needs_source,needs_source
52,Bargur,Krishnagiri,North,GEN,needs_source,MATHIAZHAGAN D,DMK,KRISHNAN A,AIADMK,97256,84642,12614,6.38,79.08,49.1728,42.7952,0.0,0.0,5.1132,2.9188,,,,,,needs_source,needs_source,needs_source,needs_source,needs_source,needs_source,needs_source,needs_source,needs_source,needs_source,needs_source,needs_source,needs_source
53,Krishnagiri,Krishnagiri,North,GEN,needs_source,Ashokkumar.K,AIADMK,SENGUTTUVAN.T,DMK,96050,95256,794,0.38,78.5,45.0068,45.382,0.0,0.0,5.262,4.3492,,,,,,needs_source,needs_source,needs_source,needs_source,needs_source,needs_source,needs_source,needs_source,needs_source,needs_source,needs_source,needs_source,needs_source
54,Veppanahalli,Krishnagiri,North,GEN,needs_source,K.P.Munusamy,AIADMK,P.Murugan,DMK,94104,91050,3054,1.49,81.31,44.3841,45.8728,0.0,0.0,4.0509,5.6922,,,,,,needs_source,needs_source,needs_source,needs_source,needs_source,needs_source,needs_source,needs_source,needs_source,needs_source,needs_source,needs_source,needs_source
55,Hosur,Krishnagiri,North,GEN,needs_source,PRAKAASH Y,DMK,JYOTHI S,AIADMK,118231,105864,12367,4.98,70.09,47.655,42.6702,0.0,0.0,4.6038,5.071,,,,,,needs_source,needs_source,needs_source,needs_source,needs_source,needs_source,needs_source,needs_source,needs_source,needs_source,needs_source,needs_source,needs_source
56,Thalli,Krishnagiri,North,GEN,needs_source,RAMACHANDRAN.T,CPI,Dr.NAGESH KUMAR.C,BJP,120641,64415,56226,28.98,77.06,0.0,0.0,33.1998,0.0,1.9462,64.854,,,,,,needs_source,needs_source,needs_source,needs_source,needs_source,needs_source,needs_source,needs_source,needs_source,needs_source,needs_source,needs_source,needs_source
57,Palacode,Dharmapuri,North,GEN,needs_source,ANBALAGAN.K.P.,AIADMK,MURUGAN.P.K.,DMK,110070,81970,28100,13.6,87.37,39.6767,53.2782,0.0,0.0,3.729,3.3161,,,,,,needs_source,needs_source,needs_source,needs_source,needs_source,needs_source,needs_source,needs_source,needs_source,needs_source,needs_source,needs_source,needs_source
58,Pennagaram,Dharmapuri,North,GEN,needs_source,MANI. G.K,PMK,INBASEKARAN. P.N.P,DMK,106123,84937,21186,10.07,85.0,40.3875,0.0,0.0,0.0,4.2533,55.3592,,,,,,needs_source,needs_source,needs_source,needs_source,needs_source,needs_source,needs_source,needs_source,needs_source,needs_source,needs_source,needs_source,needs_source
59,Dharmapuri,Dharmapuri,North,GEN,needs_source,VENKATESHWARAN.S.P.,PMK,SUBRAMANI.P,DMK,105630,78770,26860,12.36,79.69,36.2439,0.0,0.0,0.0,4.0031,59.753,,,,,,needs_source,needs_source,needs_source,needs_source,needs_source,needs_source,needs_source,needs_source,needs_source,needs_source,needs_source,needs_source,needs_source
60,Pappireddippatti,Dharmapuri,North,GEN,needs_source,GOVINDASAMY.A,AIADMK,PRABHURAJASEKAR.M,DMK,114507,77564,36943,16.72,82.15,35.0978,51.8145,0.0,0.0,3.4268,9.6609,,,,,,needs_source,needs_source,needs_source,needs_source,needs_source,needs_source,needs_source,needs_source,needs_source,needs_source,needs_source,needs_source,needs_source
61,Harur,Dharmapuri,North,SC,needs_source,SAMPATHKUMAR.V,AIADMK,KUMAR.A,CPI(M),99061,68699,30362,15.29,78.46,0.0,49.8884,0.0,0.0,5.5146,44.597,,,,,,needs_source,needs_source,needs_source,needs_source,needs_source,needs_source,needs_source,needs_source,needs_source,needs_source,needs_source,needs_source,needs_source
62,Chengam,Tiruvannamalai,North,SC,needs_source,GIRI.M.P,DMK,NAINAKANNU.M.S,AIADMK,108081,96511,11570,5.17,80.66,48.2612,43.0949,0.0,0.0,5.3941,3.2498,,,,,,needs_source,needs_source,needs_source,needs_source,needs_source,needs_source,needs_source,needs_source,needs_source,needs_source,needs_source,needs_source,needs_source
63,Tiruvannamalai,Tiruvannamalai,North,GEN,needs_source,E V VELU,DMK,S THANIGAIVEL,BJP,137876,43203,94673,45.33,71.69,66.0212,0.0,20.6875,0.0,6.7014,6.5899,,,,,,needs_source,needs_source,needs_source,needs_source,needs_source,needs_source,needs_source,needs_source,needs_source,needs_source,needs_source,needs_source,needs_source
64,Kilpennathur,Tiruvannamalai,North,GEN,needs_source,K.Pitchandi,DMK,K.Selvakumar,PMK,104675,77888,26787,13.14,79.35,51.34,0.0,0.0,0.0,5.6605,42.9995,,,,,,needs_source,needs_source,needs_source,needs_source,needs_source,needs_source,needs_source,needs_source,needs_source,needs_source,needs_source,needs_source,needs_source
65,Kalasapakkam,Tiruvannamalai,North,GEN,needs_source,Saravanan.P.S.T,DMK,Panneerselvam.V,AIADMK,94134,84912,9222,4.69,80.36,47.9214,43.2267,0.0,0.0,4.4911,4.3608,,,,,,needs_source,needs_source,needs_source,needs_source,needs_source,needs_source,needs_source,needs_source,needs_source,needs_source,needs_source,needs_source,needs_source
66,Polur,Tiruvannamalai,North,GEN,needs_source,Agri KRISHNAMURTHY. S S,AIADMK,SEKARAN. K.V,DMK,97732,88007,9725,4.81,82.33,43.5652,48.3793,0.0,0.0,5.0477,3.0078,,,,,,needs_source,needs_source,needs_source,needs_source,needs_source,needs_source,needs_source,needs_source,needs_source,needs_source,needs_source,needs_source,needs_source
67,Arani,Tiruvannamalai,North,GEN,needs_source,S.RAMACHANDRAN,AIADMK,S.S.ANBALAGAN,DMK,102961,99833,3128,1.41,79.84,45.0872,46.4999,0.0,0.0,4.738,3.6749,,,,,,needs_source,needs_source,needs_source,needs_source,needs_source,needs_source,needs_source,needs_source,needs_source,needs_source,needs_source,needs_source,needs_source
68,Cheyyar,Tiruvannamalai,North,GEN,needs_source,JOTHI. O,DMK,DUSI. K. MOHAN,AIADMK,102460,90189,12271,5.72,81.69,47.7758,42.054,0.0,0.0,5.685,4.4852,,,,,,needs_source,needs_source,needs_source,needs_source,needs_source,needs_source,needs_source,needs_source,needs_source,needs_source,needs_source,needs_source,needs_source
69,Vandavasi,Tiruvannamalai,North,SC,needs_source,Ambethkumar S,DMK,Murali S,PMK,102064,66111,35953,19.33,76.81,54.8808,0.0,0.0,0.0,4.9921,40.1271,,,,,,needs_source,needs_source,needs_source,needs_source,needs_source,needs_source,needs_source,needs_source,needs_source,needs_source,needs_source,needs_source,needs_source
70,Gingee,Viluppuram,North,GEN,needs_source,MASTHAN K S,DMK,RAJENDIRAN P,PMK,109625,73822,35803,17.31,78.21,52.9897,0.0,0.0,0.0,4.7951,42.2152,,,,,,needs_source,needs_source,needs_source,needs_source,needs_source,needs_source,needs_source,needs_source,needs_source,needs_source,needs_source,needs_source,needs_source
71,Mailam,Viluppuram,North,GEN,needs_source,SIVAKUMAR C,PMK,Dr. MASILAMANI R,DMK,81044,78814,2230,1.26,79.5,44.5305,0.0,0.0,0.0,4.7122,50.7573,,,,,,needs_source,needs_source,needs_source,needs_source,needs_source,needs_source,needs_source,needs_source,needs_source,needs_source,needs_source,needs_source,needs_source
72,Tindivanam,Viluppuram,North,SC,needs_source,ARJUNAN P,AIADMK,SEETHAPATHY P,DMK,87152,77399,9753,5.34,78.43,42.4016,47.7446,0.0,0.0,5.0417,4.8121,,,,,,needs_source,needs_source,needs_source,needs_source,needs_source,needs_source,needs_source,needs_source,needs_source,needs_source,needs_source,needs_source,needs_source
73,Vanur,Viluppuram,North,SC,needs_source,CHAKRAPANI M,AIADMK,VANNI ARASU,VCK,92219,70492,21727,11.92,79.79,0.0,50.6119,0.0,0.0,4.7127,44.6754,,,,,,needs_source,needs_source,needs_source,needs_source,needs_source,needs_source,needs_source,needs_source,needs_source,needs_source,needs_source,needs_source,needs_source
74,Viluppuram,Viluppuram,North,GEN,needs_source,LAKSHMANAN R,DMK,SHANMUGAM C Ve,AIADMK,102271,87403,14868,7.26,76.97,49.9224,42.6647,0.0,0.0,3.1119,4.301,,,,,,needs_source,needs_source,needs_source,needs_source,needs_source,needs_source,needs_source,needs_source,needs_source,needs_source,needs_source,needs_source,needs_source
75,Vikravandi,Viluppuram,North,GEN,needs_source,PUGAZHENTHI N,DMK,MUTHAMILSELVAN R,AIADMK,93730,84157,9573,4.94,81.39,48.41,43.4657,0.0,0.0,4.2434,3.8809,,,,,,needs_source,needs_source,needs_source,needs_source,needs_source,needs_source,needs_source,needs_source,needs_source,needs_source,needs_source,needs_source,needs_source
76,Tirukkoyilur,Viluppuram,North,GEN,needs_source,K.PONMUDY,DMK,VAT.KALIVARADHAN,BJP,110980,51300,59680,30.42,76.27,56.5598,0.0,26.1445,0.0,5.922,11.3737,,,,,,needs_source,needs_source,needs_source,needs_source,needs_source,needs_source,needs_source,needs_source,needs_source,needs_source,needs_source,needs_source,needs_source
77,Ulundurpettai,Kallakurichi,North,GEN,needs_source,MANIKANNAN A J,DMK,KUMARAGURU R,AIADMK,115451,110195,5256,2.15,82.62,47.1511,45.0046,0.0,0.0,3.6757,4.1686,,,,,,needs_source,needs_source,needs_source,needs_source,needs_source,needs_source,needs_source,needs_source,needs_source,needs_source,needs_source,needs_source,needs_source
78,Rishivandiyam,Kallakurichi,North,GEN,needs_source,KARTHIKEYAN K,DMK,SANTHOSH S A,AIADMK,113912,72184,41728,19.4,80.18,52.9562,33.5574,0.0,0.0,5.6093,7.8771,,,,,,needs_source,needs_source,needs_source,needs_source,needs_source,needs_source,needs_source,needs_source,needs_source,needs_source,needs_source,needs_source,needs_source
79,Sankarapuram,Kallakurichi,North,GEN,needs_source,UDHAYASURIYAN T,DMK,Dr.RAJA G,PMK,121186,75223,45963,21.3,79.58,56.1561,0.0,0.0,0.0,4.575,39.2689,,,,,,needs_source,needs_source,needs_source,needs_source,needs_source,needs_source,needs_source,needs_source,needs_source,needs_source,needs_source,needs_source,needs_source
80,Kallakurichi,Kallakurichi,North,SC,needs_source,Senthilkumar.M,AIADMK,Manirathinem.K.I,INC,110643,84752,25891,11.46,78.16,0.0,48.9879,0.0,37.5245,7.294,6.1936,,,,,,needs_source,needs_source,needs_source,needs_source,needs_source,needs_source,needs_source,needs_source,needs_source,needs_source,needs_source,needs_source,needs_source
81,Gangavalli,Salem,West,SC,needs_source,"NALLATHAMBI,A.",AIADMK,"REKHA PRIYADHARSHINI,J.",DMK,89568,82207,7361,3.95,77.11,44.0781,48.025,0.0,0.0,4.9988,2.8981,,,,,,needs_source,needs_source,needs_source,needs_source,needs_source,needs_source,needs_source,needs_source,needs_source,needs_source,needs_source,needs_source,needs_source
82,Attur,Salem,West,SC,needs_source,"JAYASANKARAN, A.P.",AIADMK,"CHINNADURAI, K.",DMK,95308,87051,8257,4.13,77.26,43.5815,47.7153,0.0,0.0,5.1231,3.5801,,,,,,needs_source,needs_source,needs_source,needs_source,needs_source,needs_source,needs_source,needs_source,needs_source,needs_source,needs_source,needs_source,needs_source
83,Yercaud,Salem,West,ST,needs_source,G. Chitra,AIADMK,C. TAMILSELVAN,DMK,121561,95606,25955,10.86,83.09,40.0152,50.8785,0.0,0.0,5.57,3.5363,,,,,,needs_source,needs_source,needs_source,needs_source,needs_source,needs_source,needs_source,needs_source,needs_source,needs_source,needs_source,needs_source,needs_source
84,Omalur,Salem,West,GEN,needs_source,R.MANI,AIADMK,RANGARAJAN MOHAN KUMARAMANGALAM,INC,142488,87194,55294,22.2,83.28,0.0,57.2179,0.0,35.0139,3.7811,3.9871,,,,,,needs_source,needs_source,needs_source,needs_source,needs_source,needs_source,needs_source,needs_source,needs_source,needs_source,needs_source,needs_source,needs_source
85,Mettur,Salem,West,GEN,needs_source,SADHASIVAM.S,PMK,SRINIVASAPERUMAL.S,DMK,97055,96399,656,0.3,75.01,44.1302,0.0,0.0,0.0,4.17,51.6998,,,,,,needs_source,needs_source,needs_source,needs_source,needs_source,needs_source,needs_source,needs_source,needs_source,needs_source,needs_source,needs_source,needs_source
86,Edappadi,Salem,West,GEN,needs_source,EDAPPADI PALANISWAMI. K,AIADMK,SAMBATHKUMAR. T,DMK,163154,69352,93802,37.93,85.64,28.0436,65.9739,0.0,0.0,2.6793,3.3032,,,,,,needs_source,needs_source,needs_source,needs_source,needs_source,needs_source,needs_source,needs_source,needs_source,needs_source,needs_source,needs_source,needs_source
87,Sankari,Salem,West,GEN,needs_source,"SUNDARARAJAN, S.",AIADMK,"RAJESH, K.M.",DMK,115472,95427,20045,8.63,83.71,41.0886,49.7195,0.0,0.0,4.6769,4.515,,,,,,needs_source,needs_source,needs_source,needs_source,needs_source,needs_source,needs_source,needs_source,needs_source,needs_source,needs_source,needs_source,needs_source
88,Salem West,Salem,West,GEN,needs_source,ARUL. R,PMK,RAJENDRAN. A,DMK,105483,83984,21499,9.92,71.81,38.7688,0.0,0.0,0.0,4.9246,56.3066,,,,,,needs_source,needs_source,needs_source,needs_source,needs_source,needs_source,needs_source,needs_source,needs_source,needs_source,needs_source,needs_source,needs_source
89,Salem North,Salem,West,GEN,needs_source,R. RAJENDRAN,DMK,G.VENKATACHALAM,AIADMK,93432,85844,7588,3.75,72.14,46.1675,42.4181,0.0,0.0,4.0296,7.3848,,,,,,needs_source,needs_source,needs_source,needs_source,needs_source,needs_source,needs_source,needs_source,needs_source,needs_source,needs_source,needs_source,needs_source
90,Salem South,Salem,West,GEN,needs_source,E.BALASUBRAMANIAN,AIADMK,A.S.SARAVANAN,DMK,97506,74897,22609,11.31,76.0,37.4519,48.7574,0.0,0.0,5.0885,8.7022,,,,,,needs_source,needs_source,needs_source,needs_source,needs_source,needs_source,needs_source,needs_source,needs_source,needs_source,needs_source,needs_source,needs_source
91,Veerapandi,Salem,West,GEN,needs_source,"RAJAMUTHU, M.",AIADMK,"THARUN, A.K.",DMK,111682,91787,19895,8.89,85.64,41.0309,49.9245,0.0,0.0,4.3835,4.6611,,,,,,needs_source,needs_source,needs_source,needs_source,needs_source,needs_source,needs_source,needs_source,needs_source,needs_source,needs_source,needs_source,needs_source
92,Rasipuram,Namakkal,West,SC,needs_source,MATHIVENTHAN M,DMK,SAROJA V. Dr,AIADMK,90727,88775,1952,0.99,82.05,46.0768,45.0854,0.0,0.0,5.7363,3.1015,,,,,,needs_source,needs_source,needs_source,needs_source,needs_source,needs_source,needs_source,needs_source,needs_source,needs_source,needs_source,needs_source,needs_source
93,Senthamangalam,Namakkal,West,ST,needs_source,PONNUSAMY K,DMK,CHANDRAN S,AIADMK,90681,80188,10493,5.27,80.93,45.5146,40.2479,0.0,0.0,5.8494,8.3881,,,,,,needs_source,needs_source,needs_source,needs_source,needs_source,needs_source,needs_source,needs_source,needs_source,needs_source,needs_source,needs_source,needs_source
94,Namakkal,Namakkal,West,GEN,needs_source,RAMALINGAM P,DMK,BASKAR K.P.P.,AIADMK,106494,78633,27861,13.48,78.57,51.5063,38.0312,0.0,0.0,4.8956,5.5669,,,,,,needs_source,needs_source,needs_source,needs_source,needs_source,needs_source,needs_source,needs_source,needs_source,needs_source,needs_source,needs_source,needs_source
95,Paramathi-Velur,Namakkal,West,GEN,needs_source,SEKAR S,AIADMK,MOORTHIY K S,DMK,86034,78372,7662,4.17,81.14,42.6637,46.8347,0.0,0.0,6.3605,4.1411,,,,,,needs_source,needs_source,needs_source,needs_source,needs_source,needs_source,needs_source,needs_source,needs_source,needs_source,needs_source,needs_source,needs_source
96,Tiruchengodu,Namakkal,West,GEN,needs_source,ESWARAN E R,DMK,SARASWATHI PON,AIADMK,81688,78826,2862,1.55,78.71,44.2348,42.685,0.0,0.0,7.5633,5.5169,,,,,,needs_source,needs_source,needs_source,needs_source,needs_source,needs_source,needs_source,needs_source,needs_source,needs_source,needs_source,needs_source,needs_source
97,Kumarapalayam,Namakkal,West,GEN,needs_source,THANGAMANI.P,AIADMK,M.VENKATACHALAM,DMK,100800,69154,31646,15.67,78.85,34.2474,49.9195,0.0,0.0,6.5569,9.2762,,,,,,needs_source,needs_source,needs_source,needs_source,needs_source,needs_source,needs_source,needs_source,needs_source,needs_source,needs_source,needs_source,needs_source
98,Erode East,Erode,West,GEN,needs_source,"THIRUMAHAN EVERAA,E.",INC,"YUVARAJA,M.",AIADMK,67300,58396,8904,5.86,66.24,0.0,38.4091,0.0,44.2655,7.6488,9.6766,,,,,,needs_source,needs_source,needs_source,needs_source,needs_source,needs_source,needs_source,needs_source,needs_source,needs_source,needs_source,needs_source,needs_source
99,Erode West,Erode,West,GEN,needs_source,Muthusamy S,DMK,Ramalingam K V,AIADMK,100757,78668,22089,10.74,69.36,49.0113,38.2666,0.0,0.0,6.4953,6.2268,,,,,,needs_source,needs_source,needs_source,needs_source,needs_source,needs_source,needs_source,needs_source,needs_source,needs_source,needs_source,needs_source,needs_source
100,Modakkurichi,Erode,West,GEN,needs_source,SARASWATHI.C,BJP,SUBBULAKSHMI JEGADEESAN,DMK,78125,77844,281,0.15,75.26,42.8051,0.0,42.9596,0.0,7.1177,7.1176,,,,,,needs_source,needs_source,needs_source,needs_source,needs_source,needs_source,needs_source,needs_source,needs_source,needs_source,needs_source,needs_source,needs_source
101,Dharapuram,Tiruppur,West,SC,needs_source,KAYALVIZHI N,DMK,MURUGAN L,BJP,89986,88593,1393,0.72,74.15,46.3867,0.0,45.6686,0.0,3.4811,4.4636,,,,,,needs_source,needs_source,needs_source,needs_source,needs_source,needs_source,needs_source,needs_source,needs_source,needs_source,needs_source,needs_source,needs_source
102,Kangayam,Tiruppur,West,GEN,needs_source,SAMINATHAN.M.P,DMK,RAMALINGAM.A.S,AIADMK,94197,86866,7331,3.67,77.19,47.1414,43.4726,0.0,0.0,5.6586,3.7274,,,,,,needs_source,needs_source,needs_source,needs_source,needs_source,needs_source,needs_source,needs_source,needs_source,needs_source,needs_source,needs_source,needs_source
103,Perundurai,Erode,West,GEN,needs_source,"JAYAKUMAR, S.",AIADMK,KKC BALU,DMK,85125,70618,14507,7.64,82.6,37.1981,44.8397,0.0,0.0,5.4224,12.5398,,,,,,needs_source,needs_source,needs_source,needs_source,needs_source,needs_source,needs_source,needs_source,needs_source,needs_source,needs_source,needs_source,needs_source
104,Bhavani,Erode,West,GEN,needs_source,KARUPPANAN.K.C,AIADMK,DURAIRAJ.K.P,DMK,100915,78392,22523,11.18,83.5,38.9264,50.1105,0.0,0.0,5.1995,5.7636,,,,,,needs_source,needs_source,needs_source,needs_source,needs_source,needs_source,needs_source,needs_source,needs_source,needs_source,needs_source,needs_source,needs_source
105,Anthiyur,Erode,West,GEN,needs_source,VENKATACHALAM.A.G,DMK,SHANMUGAVEL.K.S,AIADMK,79096,77821,1275,0.72,79.69,44.8428,44.12,0.0,0.0,4.6659,6.3713,,,,,,needs_source,needs_source,needs_source,needs_source,needs_source,needs_source,needs_source,needs_source,needs_source,needs_source,needs_source,needs_source,needs_source
106,Gobichettipalayam,Erode,West,GEN,needs_source,SENGOTTAIYAN K.A,AIADMK,MANIMARAN G.V,DMK,108608,80045,28563,13.33,82.52,37.3552,50.6848,0.0,0.0,5.469,6.491,,,,,,needs_source,needs_source,needs_source,needs_source,needs_source,needs_source,needs_source,needs_source,needs_source,needs_source,needs_source,needs_source,needs_source
107,Bhavanisagar,Erode,West,SC,needs_source,A.Bannari,AIADMK,P.L SUNDARAM,CPI,99181,83173,16008,7.98,77.37,0.0,49.4503,0.0,0.0,4.2465,46.3032,,,,,,needs_source,needs_source,needs_source,needs_source,needs_source,needs_source,needs_source,needs_source,needs_source,needs_source,needs_source,needs_source,needs_source
108,Udhagamandalam,The Nilgiris,West,GEN,needs_source,"GANESH, R.",INC,"BHOJARAJAN, M.",BJP,65530,60182,5348,3.79,67.82,0.0,0.0,42.6514,46.4416,4.5223,6.3847,,,,,,needs_source,needs_source,needs_source,needs_source,needs_source,needs_source,needs_source,needs_source,needs_source,needs_source,needs_source,needs_source,needs_source
109,Gudalur,The Nilgiris,West,SC,needs_source,PON.JAYASEELAN,AIADMK,"KASILINGAM, S.",DMK,64496,62551,1945,1.41,72.15,45.2426,46.6494,0.0,0.0,5.2923,2.8157,,,,,,needs_source,needs_source,needs_source,needs_source,needs_source,needs_source,needs_source,needs_source,needs_source,needs_source,needs_source,needs_source,needs_source
110,Coonoor,The Nilgiris,West,GEN,needs_source,"Ramachandran, K.",DMK,"Vinoth, D.",AIADMK,61820,57715,4105,3.02,69.79,45.4867,42.4662,0.0,0.0,5.336,6.7111,,,,,,needs_source,needs_source,needs_source,needs_source,needs_source,needs_source,needs_source,needs_source,needs_source,needs_source,needs_source,needs_source,needs_source
111,Mettuppalayam,Coimbatore,West,GEN,needs_source,SELVARAJ A K,AIADMK,SHANMUGASUNDARAM T R,DMK,105231,102775,2456,1.09,75.14,45.6609,46.7521,0.0,0.0,4.8666,2.7204,,,,,,needs_source,needs_source,needs_source,needs_source,needs_source,needs_source,needs_source,needs_source,needs_source,needs_source,needs_source,needs_source,needs_source
112,Avanashi,Tiruppur,West,SC,needs_source,"DHANAPAL, P",AIADMK,ATHIYAMAAN RAJU,DMK,117284,66382,50902,23.94,75.18,31.2199,55.1595,0.0,0.0,6.2344,7.3862,,,,,,needs_source,needs_source,needs_source,needs_source,needs_source,needs_source,needs_source,needs_source,needs_source,needs_source,needs_source,needs_source,needs_source
113,Tiruppur North,Tiruppur,West,GEN,needs_source,VIJEYAKUMAR.K.N,AIADMK,RAVI (Alias) SUBRAMANIAN . M,CPI,113384,73282,40102,16.84,62.44,0.0,47.6219,0.0,0.0,9.7063,42.6718,,,,,,needs_source,needs_source,needs_source,needs_source,needs_source,needs_source,needs_source,needs_source,needs_source,needs_source,needs_source,needs_source,needs_source
114,Tiruppur South,Tiruppur,West,GEN,needs_source,SELVARAJ. K.,DMK,GUNASEKARAN. S.,AIADMK,75535,70826,4709,2.7,62.74,43.3069,40.607,0.0,0.0,7.3949,8.6912,,,,,,needs_source,needs_source,needs_source,needs_source,needs_source,needs_source,needs_source,needs_source,needs_source,needs_source,needs_source,needs_source,needs_source
115,Palladam,Tiruppur,West,GEN,needs_source,ANANDAN M S M,AIADMK,MUTHURATHINAM K,DMK,126903,94212,32691,12.5,66.7,36.026,48.5268,0.0,0.0,7.8482,7.599,,,,,,needs_source,needs_source,needs_source,needs_source,needs_source,needs_source,needs_source,needs_source,needs_source,needs_source,needs_source,needs_source,needs_source
116,Sulur,Coimbatore,West,GEN,needs_source,KANDASAMY V.P.,AIADMK,PREMIER SELVAM (a)KALICHAMY M,DMK,118968,87036,31932,13.21,75.57,36.0169,49.2309,0.0,0.0,5.9697,8.7825,,,,,,needs_source,needs_source,needs_source,needs_source,needs_source,needs_source,needs_source,needs_source,needs_source,needs_source,needs_source,needs_source,needs_source
117,Kavundampalayam,Coimbatore,West,GEN,needs_source,G.Arunkumar,AIADMK,R.Krishnan,DMK,135669,125893,9776,3.15,66.13,40.6214,43.7758,0.0,0.0,5.7748,9.828,,,,,,needs_source,needs_source,needs_source,needs_source,needs_source,needs_source,needs_source,needs_source,needs_source,needs_source,needs_source,needs_source,needs_source
118,Coimbatore North,Coimbatore,West,GEN,needs_source,AMMAN K.ARJUNAN,AIADMK,SHANMUGASUNDARAM V.M,DMK,81454,77453,4001,1.97,59.21,38.192,40.1649,0.0,0.0,5.6376,16.0055,,,,,,needs_source,needs_source,needs_source,needs_source,needs_source,needs_source,needs_source,needs_source,needs_source,needs_source,needs_source,needs_source,needs_source
119,Thondamuthur,Coimbatore,West,GEN,needs_source,S.P. VELUMANI,AIADMK,KARTHIKEYA,DMK,124225,82595,41630,18.06,70.22,35.8282,53.8865,0.0,0.0,3.4885,6.7968,,,,,,needs_source,needs_source,needs_source,needs_source,needs_source,needs_source,needs_source,needs_source,needs_source,needs_source,needs_source,needs_source,needs_source
120,Coimbatore South,Coimbatore,West,GEN,needs_source,VANATHI SRINIVASAN,BJP,KAMALHAASAN,MNM,53209,51481,1728,1.12,60.69,0.0,0.0,34.3805,27.3854,2.7784,35.4557,,,,,,needs_source,needs_source,needs_source,needs_source,needs_source,needs_source,needs_source,needs_source,needs_source,needs_source,needs_source,needs_source,needs_source
121,Singanallur,Coimbatore,West,GEN,needs_source,"Jayaram, K.R",AIADMK,"Karthik, N",DMK,81244,70390,10854,5.37,61.73,34.8429,40.2156,0.0,0.0,4.1412,20.8003,,,,,,needs_source,needs_source,needs_source,needs_source,needs_source,needs_source,needs_source,needs_source,needs_source,needs_source,needs_source,needs_source,needs_source
122,Kinathukadavu,Coimbatore,West,GEN,needs_source,Damodaran.S,AIADMK,Kuruchi Prabhakaran,DMK,101537,100442,1095,0.47,70.64,43.2129,43.684,0.0,0.0,4.853,8.2501,,,,,,needs_source,needs_source,needs_source,needs_source,needs_source,needs_source,needs_source,needs_source,needs_source,needs_source,needs_source,needs_source,needs_source
123,Pollachi,Coimbatore,West,GEN,needs_source,Pollachi V. Jayaraman,AIADMK,"Dr. Varadharajan, K.",DMK,80567,78842,1725,0.97,77.34,44.4661,45.439,0.0,0.0,3.6107,6.4842,,,,,,needs_source,needs_source,needs_source,needs_source,needs_source,needs_source,needs_source,needs_source,needs_source,needs_source,needs_source,needs_source,needs_source
124,Valparai,Coimbatore,West,SC,needs_source,AMULKANDASAMI T K,AIADMK,ARUMUGAM M,CPI,71672,59449,12223,8.42,70.04,0.0,49.3704,0.0,0.0,5.2572,45.3724,,,,,,needs_source,needs_source,needs_source,needs_source,needs_source,needs_source,needs_source,needs_source,needs_source,needs_source,needs_source,needs_source,needs_source
125,Udumalaipettai,Tiruppur,West,GEN,needs_source,"Radhakrishnan,K.",AIADMK,"Thennarasu,K.",INC,96893,74998,21895,11.27,71.31,0.0,49.8528,0.0,38.5876,4.4207,7.1389,,,,,,needs_source,needs_source,needs_source,needs_source,needs_source,needs_source,needs_source,needs_source,needs_source,needs_source,needs_source,needs_source,needs_source
126,Madathukulam,Tiruppur,West,GEN,needs_source,C MAHENDRAN,AIADMK,R.JAYARAMAKRISHNAN,DMK,84313,77875,6438,3.54,72.45,42.8115,46.3508,0.0,0.0,3.4332,7.4045,,,,,,needs_source,needs_source,needs_source,needs_source,needs_source,needs_source,needs_source,needs_source,needs_source,needs_source,needs_source,needs_source,needs_source
127,Palani,Dindigul,Central,GEN,needs_source,SENTHIL KUMAR I.P,DMK,RAVI MANOHARAN K,AIADMK,108566,78510,30056,14.63,73.33,52.86,38.226,0.0,0.0,3.7277,5.1863,,,,,,needs_source,needs_source,needs_source,needs_source,needs_source,needs_source,needs_source,needs_source,needs_source,needs_source,needs_source,needs_source,needs_source
128,Oddanchatram,Dindigul,Central,GEN,needs_source,SAKKARAPANI R,DMK,NATARAJ N.P,AIADMK,109970,81228,28742,14.25,83.08,54.5064,40.2605,0.0,0.0,2.4505,2.7826,,,,,,needs_source,needs_source,needs_source,needs_source,needs_source,needs_source,needs_source,needs_source,needs_source,needs_source,needs_source,needs_source,needs_source
129,Athoor,Dindigul,Central,GEN,needs_source,PERIYASAMY I,DMK,THILAGABAMA M,PMK,165809,30238,135571,58.96,77.96,72.1097,0.0,0.0,0.0,7.4663,20.424,,,,,,needs_source,needs_source,needs_source,needs_source,needs_source,needs_source,needs_source,needs_source,needs_source,needs_source,needs_source,needs_source,needs_source
130,Nilakkottai,Dindigul,Central,SC,needs_source,S.Thenmozhi,AIADMK,K.Murugavelrajan,DMK,91461,63843,27618,14.94,75.07,34.5461,49.4905,0.0,0.0,9.4721,6.4913,,,,,,needs_source,needs_source,needs_source,needs_source,needs_source,needs_source,needs_source,needs_source,needs_source,needs_source,needs_source,needs_source,needs_source
131,Natham,Dindigul,Central,GEN,needs_source,NATHAM.R.VISWANATHAN,AIADMK,M.A.ANDI AMBALAM,DMK,107762,95830,11932,5.3,78.95,42.545,47.8423,0.0,0.0,6.5538,3.0589,,,,,,needs_source,needs_source,needs_source,needs_source,needs_source,needs_source,needs_source,needs_source,needs_source,needs_source,needs_source,needs_source,needs_source
132,Dindigul,Dindigul,Central,GEN,needs_source,SREENIVASAN.C,AIADMK,PANDI.N,CPI(M),90595,72848,17747,9.1,69.27,0.0,46.4309,0.0,0.0,7.6159,45.9532,,,,,,needs_source,needs_source,needs_source,needs_source,needs_source,needs_source,needs_source,needs_source,needs_source,needs_source,needs_source,needs_source,needs_source
133,Vedasandur,Dindigul,Central,GEN,needs_source,GANDHIRAJAN S,DMK,PARAMASIVAM V P B,AIADMK,106481,88928,17553,8.24,80.16,49.9723,41.7346,0.0,0.0,3.9868,4.3063,,,,,,needs_source,needs_source,needs_source,needs_source,needs_source,needs_source,needs_source,needs_source,needs_source,needs_source,needs_source,needs_source,needs_source
134,Aravakurichi,Karur,Central,GEN,needs_source,ELANGO. R,DMK,ANNAMALAI. K,BJP,93369,68553,24816,14.01,81.92,52.7169,0.0,38.7056,0.0,4.0584,4.5191,,,,,,needs_source,needs_source,needs_source,needs_source,needs_source,needs_source,needs_source,needs_source,needs_source,needs_source,needs_source,needs_source,needs_source
135,Karur,Karur,Central,GEN,needs_source,SENTHILBALAJI V,DMK,VIJAYABHASKAR. M.R,AIADMK,101757,89309,12448,6.0,83.57,49.0845,43.0799,0.0,0.0,3.529,4.3066,,,,,,needs_source,needs_source,needs_source,needs_source,needs_source,needs_source,needs_source,needs_source,needs_source,needs_source,needs_source,needs_source,needs_source
136,Krishnarayapuram,Karur,Central,SC,needs_source,SIVAGAMA SUNDARI.K,DMK,MUTHUKUMAR,AIADMK,96540,64915,31625,17.48,84.17,53.3659,35.8841,0.0,0.0,5.3653,5.3847,,,,,,needs_source,needs_source,needs_source,needs_source,needs_source,needs_source,needs_source,needs_source,needs_source,needs_source,needs_source,needs_source,needs_source
137,Kulithalai,Karur,Central,GEN,needs_source,R.Manickam,DMK,N.R.Chandrasekar,AIADMK,100829,77289,23540,11.92,86.16,51.064,39.1424,0.0,0.0,5.8297,3.9639,,,,,,needs_source,needs_source,needs_source,needs_source,needs_source,needs_source,needs_source,needs_source,needs_source,needs_source,needs_source,needs_source,needs_source
138,Manapparai,Tiruchirappalli,Central,GEN,needs_source,ABDUL SAMAD P,DMK,CHANDRASEKAR.R,AIADMK,98077,85834,12243,5.52,76.02,44.229,38.7079,0.0,0.0,8.7712,8.2919,,,,,,needs_source,needs_source,needs_source,needs_source,needs_source,needs_source,needs_source,needs_source,needs_source,needs_source,needs_source,needs_source,needs_source
139,Srirangam,Tiruchirappalli,Central,GEN,needs_source,Palaniyandi.M,DMK,KuPa Krishnan,AIADMK,113904,93989,19915,8.29,76.15,47.4126,39.123,0.0,0.0,7.4555,6.0089,,,,,,needs_source,needs_source,needs_source,needs_source,needs_source,needs_source,needs_source,needs_source,needs_source,needs_source,needs_source,needs_source,needs_source
140,Tiruchirappalli West,Tiruchirappalli,Central,GEN,needs_source,"Nehru, K.N.",DMK,"Padmanathan, V.",AIADMK,118133,33024,85109,46.48,67.01,64.5186,18.0361,0.0,0.0,8.5883,8.857,,,,,,needs_source,needs_source,needs_source,needs_source,needs_source,needs_source,needs_source,needs_source,needs_source,needs_source,needs_source,needs_source,needs_source
141,Tiruchirappalli East,Tiruchirappalli,Central,GEN,needs_source,"INIGO IRUDAYARAJ,S.",DMK,"VELLAMANDI NATARAJAN,N.",AIADMK,94302,40505,53797,31.12,66.87,54.5552,23.4328,0.0,0.0,8.2797,13.7323,,,,,,needs_source,needs_source,needs_source,needs_source,needs_source,needs_source,needs_source,needs_source,needs_source,needs_source,needs_source,needs_source,needs_source
142,Thiruverumbur,Tiruchirappalli,Central,GEN,needs_source,ANBIL MAHESH POYYAMOZHI,DMK,P KUMAR,AIADMK,105424,55727,49697,25.23,66.59,53.5112,28.286,0.0,0.0,7.9787,10.2241,,,,,,needs_source,needs_source,needs_source,needs_source,needs_source,needs_source,needs_source,needs_source,needs_source,needs_source,needs_source,needs_source,needs_source
143,Lalgudi,Tiruchirappalli,Central,GEN,needs_source,A.SOUNDARAPANDIAN,DMK,D.R.DHARMARAJ,AIADMK,84914,67965,16949,9.7,79.23,48.5906,38.8918,0.0,0.0,9.2976,3.22,,,,,,needs_source,needs_source,needs_source,needs_source,needs_source,needs_source,needs_source,needs_source,needs_source,needs_source,needs_source,needs_source,needs_source
144,Manachanallur,Tiruchirappalli,Central,GEN,needs_source,S. KATHIRAVAN,DMK,M. PARANJOTHI,AIADMK,116334,56716,59618,30.31,79.63,59.1371,28.831,0.0,0.0,7.3419,4.69,,,,,,needs_source,needs_source,needs_source,needs_source,needs_source,needs_source,needs_source,needs_source,needs_source,needs_source,needs_source,needs_source,needs_source
145,Musiri,Tiruchirappalli,Central,GEN,needs_source,N. Thiyagarajan,DMK,M. Selvarasu,AIADMK,90624,63788,26836,14.93,75.98,50.429,35.4958,0.0,0.0,7.9636,6.1116,,,,,,needs_source,needs_source,needs_source,needs_source,needs_source,needs_source,needs_source,needs_source,needs_source,needs_source,needs_source,needs_source,needs_source
146,Thuraiyur,Tiruchirappalli,Central,SC,needs_source,S.STALINKUMAR,DMK,T.INDRAGANDHI,AIADMK,87786,65715,22071,12.55,76.63,49.9136,37.3644,0.0,0.0,7.4814,5.2406,,,,,,needs_source,needs_source,needs_source,needs_source,needs_source,needs_source,needs_source,needs_source,needs_source,needs_source,needs_source,needs_source,needs_source
147,Perambalur,Perambalur,Central,SC,needs_source,"PRABHAHARAN, M.",DMK,"THAMIZHSELVAN, R.",AIADMK,122090,91056,31034,12.93,78.2,50.8653,37.9359,0.0,0.0,7.7796,3.4192,,,,,,needs_source,needs_source,needs_source,needs_source,needs_source,needs_source,needs_source,needs_source,needs_source,needs_source,needs_source,needs_source,needs_source
148,Kunnam,Perambalur,Central,GEN,needs_source,"SIVASANKAR, S.S.",DMK,"RAMACHANDRAN, R.T.",AIADMK,103922,97593,6329,2.88,80.05,47.2633,44.3849,0.0,0.0,4.2542,4.0976,,,,,,needs_source,needs_source,needs_source,needs_source,needs_source,needs_source,needs_source,needs_source,needs_source,needs_source,needs_source,needs_source,needs_source
149,Ariyalur,Ariyalur,Central,GEN,needs_source,CHINNAPPA K,DMK,RAJENDRAN S,AIADMK,103975,100741,3234,1.44,84.54,46.1649,44.729,0.0,0.0,5.4816,3.6245,,,,,,needs_source,needs_source,needs_source,needs_source,needs_source,needs_source,needs_source,needs_source,needs_source,needs_source,needs_source,needs_source,needs_source
150,Jayankondam,Ariyalur,Central,GEN,needs_source,KANNAN KA SO KA,DMK,BALU K,PMK,99529,94077,5452,2.52,80.38,45.9999,0.0,0.0,0.0,4.6014,49.3987,,,,,,needs_source,needs_source,needs_source,needs_source,needs_source,needs_source,needs_source,needs_source,needs_source,needs_source,needs_source,needs_source,needs_source
151,Tittakudi,Cuddalore,Central,SC,needs_source,"GANESAN,  C.V.",DMK,"PERIYASAMY,  D.",BJP,83726,62163,21563,12.82,76.3,49.7824,0.0,36.9613,0.0,6.2973,6.959,,,,,,needs_source,needs_source,needs_source,needs_source,needs_source,needs_source,needs_source,needs_source,needs_source,needs_source,needs_source,needs_source,needs_source
152,Vriddhachalam,Cuddalore,Central,GEN,needs_source,Radhakrishnan,INC,Karthikeyan. J,PMK,77064,76202,862,0.44,77.02,0.0,0.0,0.0,39.1717,4.3927,56.4356,,,,,,needs_source,needs_source,needs_source,needs_source,needs_source,needs_source,needs_source,needs_source,needs_source,needs_source,needs_source,needs_source,needs_source
153,Neyveli,Cuddalore,Central,GEN,needs_source,SABA.RAJENDRAN,DMK,JAGAN.K,PMK,75177,74200,977,0.6,74.25,45.8033,0.0,0.0,0.0,4.7432,49.4535,,,,,,needs_source,needs_source,needs_source,needs_source,needs_source,needs_source,needs_source,needs_source,needs_source,needs_source,needs_source,needs_source,needs_source
154,Panruti,Cuddalore,Central,GEN,needs_source,VELMURUGAN.T,DMK,RAJENDRAN.R,AIADMK,93801,89104,4697,2.38,79.6,47.6029,45.2192,0.0,0.0,3.3225,3.8554,,,,,,needs_source,needs_source,needs_source,needs_source,needs_source,needs_source,needs_source,needs_source,needs_source,needs_source,needs_source,needs_source,needs_source
155,Cuddalore,Cuddalore,Central,GEN,needs_source,G.IYAPPAN,DMK,M.C.SAMPATH,AIADMK,84563,79412,5151,2.83,74.77,46.4629,43.6327,0.0,0.0,5.2544,4.65,,,,,,needs_source,needs_source,needs_source,needs_source,needs_source,needs_source,needs_source,needs_source,needs_source,needs_source,needs_source,needs_source,needs_source
156,Kurinjipadi,Cuddalore,Central,GEN,needs_source,M.R.K.PANNEERSELVAM,DMK,SELVI RAMAJAYAM,AIADMK,101456,83929,17527,8.82,82.06,51.0391,42.2218,0.0,0.0,4.2821,2.457,,,,,,needs_source,needs_source,needs_source,needs_source,needs_source,needs_source,needs_source,needs_source,needs_source,needs_source,needs_source,needs_source,needs_source
157,Bhuvanagiri,Cuddalore,Central,GEN,needs_source,Arunmozhithevan. A,AIADMK,Saravanan. Durai.K,DMK,96453,88194,8259,4.19,78.57,44.7311,48.9199,0.0,0.0,3.529,2.82,,,,,,needs_source,needs_source,needs_source,needs_source,needs_source,needs_source,needs_source,needs_source,needs_source,needs_source,needs_source,needs_source,needs_source
158,Chidambaram,Cuddalore,Central,GEN,needs_source,K.A. PANDIAN,AIADMK,S. ABDUL RAHMAN,IUML,91961,75024,16937,9.24,71.93,0.0,50.1554,0.0,0.0,4.9473,44.8973,,,,,,needs_source,needs_source,needs_source,needs_source,needs_source,needs_source,needs_source,needs_source,needs_source,needs_source,needs_source,needs_source,needs_source
159,Kattumannarkoil,Cuddalore,Central,SC,needs_source,SINTHANAI SELVAN,VCK,N. MURUGUMARAN,AIADMK,86056,75491,10565,6.02,75.87,0.0,42.9999,0.0,0.0,3.8767,53.1234,,,,,,needs_source,needs_source,needs_source,needs_source,needs_source,needs_source,needs_source,needs_source,needs_source,needs_source,needs_source,needs_source,needs_source
160,Sirkazhi,Mayiladuthurai,Central,SC,needs_source,PANNEERSELVAM,DMK,P.V.BHARATHI,AIADMK,94057,81909,12148,6.35,74.91,49.1609,42.8114,0.0,0.0,5.7562,2.2715,,,,,,needs_source,needs_source,needs_source,needs_source,needs_source,needs_source,needs_source,needs_source,needs_source,needs_source,needs_source,needs_source,needs_source
161,Mayiladuthurai,Mayiladuthurai,Central,GEN,needs_source,Rajakumar.S,INC,Palanisamy.A,PMK,73642,70900,2742,1.57,70.14,0.0,0.0,0.0,42.1679,7.5504,50.2817,,,,,,needs_source,needs_source,needs_source,needs_source,needs_source,needs_source,needs_source,needs_source,needs_source,needs_source,needs_source,needs_source,needs_source
162,Poompuhar,Mayiladuthurai,Central,GEN,needs_source,Nivedha M. Murugan,DMK,S.Pavunraj,AIADMK,96102,92803,3299,1.59,75.19,46.2389,44.6516,0.0,0.0,7.132,1.9775,,,,,,needs_source,needs_source,needs_source,needs_source,needs_source,needs_source,needs_source,needs_source,needs_source,needs_source,needs_source,needs_source,needs_source
163,Nagapattinam,Nagapattinam,Central,GEN,needs_source,J. Mohamed Shanavas,VCK,Thanka.kathiravan,AIADMK,66281,59043,7238,5.04,71.97,0.0,41.1278,0.0,0.0,6.949,51.9232,,,,,,needs_source,needs_source,needs_source,needs_source,needs_source,needs_source,needs_source,needs_source,needs_source,needs_source,needs_source,needs_source,needs_source
164,Kilvelur,Nagapattinam,Central,SC,needs_source,NAGAIMAALI V P,CPI(M),VADIVEL RAVANAN  S,PMK,67988,51003,16985,11.88,79.43,0.0,0.0,0.0,0.0,10.6109,89.3891,,,,,,needs_source,needs_source,needs_source,needs_source,needs_source,needs_source,needs_source,needs_source,needs_source,needs_source,needs_source,needs_source,needs_source
165,Vedaranyam,Nagapattinam,Central,GEN,needs_source,O.S.MANIAN,AIADMK,S.K.VETHARATHINAM,DMK,78719,66390,12329,7.8,80.6,42.003,49.8032,0.0,0.0,5.7611,2.4327,,,,,,needs_source,needs_source,needs_source,needs_source,needs_source,needs_source,needs_source,needs_source,needs_source,needs_source,needs_source,needs_source,needs_source
166,Thiruthuraipoondi,Thiruvarur,Central,SC,needs_source,MARIMUTHU K,CPI,SURESH KUMAR C,AIADMK,97092,67024,30068,16.18,76.74,0.0,36.0565,0.0,0.0,8.2642,55.6793,,,,,,needs_source,needs_source,needs_source,needs_source,needs_source,needs_source,needs_source,needs_source,needs_source,needs_source,needs_source,needs_source,needs_source
167,Mannargudi,Thiruvarur,Central,GEN,needs_source,RAJAA T R B,DMK,RAJAMANICKAM  SIVA,AIADMK,87172,49779,37393,19.35,74.34,45.1133,25.7617,0.0,0.0,5.4019,23.7231,,,,,,needs_source,needs_source,needs_source,needs_source,needs_source,needs_source,needs_source,needs_source,needs_source,needs_source,needs_source,needs_source,needs_source
168,Thiruvarur,Thiruvarur,Central,GEN,needs_source,KALAIVANAN  POONDI  K.,DMK,PANNERSELVAM A.N.R.,AIADMK,108906,57732,51174,24.57,73.25,52.2858,27.7171,0.0,0.0,12.6266,7.3705,,,,,,needs_source,needs_source,needs_source,needs_source,needs_source,needs_source,needs_source,needs_source,needs_source,needs_source,needs_source,needs_source,needs_source
169,Nannilam,Thiruvarur,Central,GEN,needs_source,KAMARAJ R,AIADMK,JOTHIRAMAN  S,DMK,103637,99213,4424,1.99,81.08,44.7018,46.6951,0.0,0.0,6.0461,2.557,,,,,,needs_source,needs_source,needs_source,needs_source,needs_source,needs_source,needs_source,needs_source,needs_source,needs_source,needs_source,needs_source,needs_source
170,Thiruvidaimarudur,Thanjavur,Central,SC,needs_source,"CHEZHIAAN,  GOVI.",DMK,"UNION VEERAMANI, S.",AIADMK,95763,85083,10680,5.38,75.76,48.2565,42.8746,0.0,0.0,5.6318,3.2371,,,,,,needs_source,needs_source,needs_source,needs_source,needs_source,needs_source,needs_source,needs_source,needs_source,needs_source,needs_source,needs_source,needs_source
171,Kumbakonam,Thanjavur,Central,GEN,needs_source,"ANBALAGAN, G.",DMK,"SRITHAR VANDAYAR, G.M.",AIADMK,96057,74674,21383,10.82,71.45,48.6207,37.7974,0.0,0.0,6.3169,7.265,,,,,,needs_source,needs_source,needs_source,needs_source,needs_source,needs_source,needs_source,needs_source,needs_source,needs_source,needs_source,needs_source,needs_source
172,Papanasam,Thanjavur,Central,GEN,needs_source,"Dr.JAWAHIRULLAH, M.H.",DMK,"GOPINATHAN, K.",AIADMK,86567,70294,16273,8.26,74.76,43.9467,35.6855,0.0,0.0,7.4748,12.893,,,,,,needs_source,needs_source,needs_source,needs_source,needs_source,needs_source,needs_source,needs_source,needs_source,needs_source,needs_source,needs_source,needs_source
173,Thiruvaiyaru,Thanjavur,Central,GEN,needs_source,DURAI.CHANDRASEKARAN,DMK,"VENKATESAN, S.",BJP,103210,49560,53650,25.37,78.11,48.8152,0.0,23.4404,0.0,7.4824,20.262,,,,,,needs_source,needs_source,needs_source,needs_source,needs_source,needs_source,needs_source,needs_source,needs_source,needs_source,needs_source,needs_source,needs_source
174,Thanjavur,Thanjavur,Central,GEN,needs_source,"NEELAMEGAM, T.K.G.",DMK,"ARIVUDAINAMBI, V.",AIADMK,103772,56623,47149,24.2,65.72,53.2549,29.0584,0.0,0.0,8.9121,8.7746,,,,,,needs_source,needs_source,needs_source,needs_source,needs_source,needs_source,needs_source,needs_source,needs_source,needs_source,needs_source,needs_source,needs_source
175,Orathanadu,Thanjavur,Central,GEN,needs_source,"VAITHILINGAM, R.",AIADMK,"RAMCHANDRAN, M.",DMK,90063,61228,28835,15.03,78.29,31.9162,46.9469,0.0,0.0,4.7175,16.4194,,,,,,needs_source,needs_source,needs_source,needs_source,needs_source,needs_source,needs_source,needs_source,needs_source,needs_source,needs_source,needs_source,needs_source
176,Pattukkottai,Thanjavur,Central,GEN,needs_source,"ANNADURAI, K.",DMK,"RENGARAJAN, N.R.",AIADMK,79065,53796,25269,14.26,71.66,44.6191,30.3589,0.0,0.0,6.0553,18.9667,,,,,,needs_source,needs_source,needs_source,needs_source,needs_source,needs_source,needs_source,needs_source,needs_source,needs_source,needs_source,needs_source,needs_source
177,Peravurani,Thanjavur,Central,GEN,needs_source,"ASHOKKUMAR, N.",DMK,"THIRUGNANASAMBANDAM, S.V.",AIADMK,89130,65627,23503,13.76,77.02,52.1686,38.4121,0.0,0.0,7.1138,2.3055,,,,,,needs_source,needs_source,needs_source,needs_source,needs_source,needs_source,needs_source,needs_source,needs_source,needs_source,needs_source,needs_source,needs_source
178,Gandharvakottai,Pudukkottai,Central,SC,needs_source,M.Chinnadurai,CPI(M),S.Jayabharathi,AIADMK,69710,56989,12721,8.07,74.45,0.0,36.1559,0.0,0.0,8.0326,55.8115,,,,,,needs_source,needs_source,needs_source,needs_source,needs_source,needs_source,needs_source,needs_source,needs_source,needs_source,needs_source,needs_source,needs_source
179,Viralimalai,Pudukkottai,Central,GEN,needs_source,VIJAYA BASKER C,AIADMK,PALANIAPPAN,DMK,102179,78581,23598,12.2,85.43,40.6265,52.8267,0.0,0.0,3.6371,2.9097,,,,,,needs_source,needs_source,needs_source,needs_source,needs_source,needs_source,needs_source,needs_source,needs_source,needs_source,needs_source,needs_source,needs_source
180,Pudukkottai,Pudukkottai,Central,GEN,needs_source,V . MUTHURAJA,DMK,KARTHIK THONDAIMAN,AIADMK,85802,72801,13001,7.23,72.94,47.6964,40.4693,0.0,0.0,6.3944,5.4399,,,,,,needs_source,needs_source,needs_source,needs_source,needs_source,needs_source,needs_source,needs_source,needs_source,needs_source,needs_source,needs_source,needs_source
181,Thirumayam,Pudukkottai,Central,GEN,needs_source,S.REGUPATHY,DMK,P.K.VAIRAMUTHU,AIADMK,71349,69967,1382,0.79,75.85,40.9979,40.2038,0.0,0.0,6.3558,12.4425,,,,,,needs_source,needs_source,needs_source,needs_source,needs_source,needs_source,needs_source,needs_source,needs_source,needs_source,needs_source,needs_source,needs_source
182,Alangudi,Pudukkottai,Central,GEN,needs_source,SIVA.V.MEYYANATHAN,DMK,DHARMA THANGAVEL,AIADMK,87935,62088,25847,15.04,78.47,51.172,36.1309,0.0,0.0,9.0065,3.6906,,,,,,needs_source,needs_source,needs_source,needs_source,needs_source,needs_source,needs_source,needs_source,needs_source,needs_source,needs_source,needs_source,needs_source
183,Aranthangi,Pudukkottai,Central,GEN,needs_source,RAMACHANDRAN T,INC,RAJANAYAGAM M,AIADMK,81835,50942,30893,18.38,70.21,0.0,30.314,0.0,48.6974,10.985,10.0036,,,,,,needs_source,needs_source,needs_source,needs_source,needs_source,needs_source,needs_source,needs_source,needs_source,needs_source,needs_source,needs_source,needs_source
184,Karaikudi,Sivaganga,South,GEN,needs_source,S.Mangudi,INC,H.Raja,BJP,75954,54365,21589,10.16,66.23,0.0,0.0,25.5888,35.7505,11.2362,27.4245,,,,,,needs_source,needs_source,needs_source,needs_source,needs_source,needs_source,needs_source,needs_source,needs_source,needs_source,needs_source,needs_source,needs_source
185,Tiruppattur,Sivaganga,South,GEN,needs_source,KR.PERIYAKARUPPAN,DMK,MARUDHU ALAGURAJ,AIADMK,103682,66308,37374,17.73,71.98,49.1929,31.4605,0.0,0.0,6.9134,12.4332,,,,,,needs_source,needs_source,needs_source,needs_source,needs_source,needs_source,needs_source,needs_source,needs_source,needs_source,needs_source,needs_source,needs_source
186,Sivaganga,Sivaganga,South,GEN,needs_source,PR. Senthilnathan,AIADMK,S. Gunasekaran,CPI,82153,70900,11253,5.57,66.29,0.0,40.6609,0.0,0.0,11.1362,48.2029,,,,,,needs_source,needs_source,needs_source,needs_source,needs_source,needs_source,needs_source,needs_source,needs_source,needs_source,needs_source,needs_source,needs_source
187,Manamadurai,Sivaganga,South,SC,needs_source,Tamilarasi A.,DMK,Nagarajan S.,AIADMK,89364,75273,14091,6.94,72.05,44.0085,37.0692,0.0,0.0,11.4389,7.4834,,,,,,needs_source,needs_source,needs_source,needs_source,needs_source,needs_source,needs_source,needs_source,needs_source,needs_source,needs_source,needs_source,needs_source
188,Melur,Madurai,South,GEN,needs_source,PERIYAPULLAN @ SELVAM  P.,AIADMK,RAVICHANDRAN  T.,INC,83344,48182,35162,19.24,74.23,0.0,45.5975,0.0,26.3604,5.837,22.2051,,,,,,needs_source,needs_source,needs_source,needs_source,needs_source,needs_source,needs_source,needs_source,needs_source,needs_source,needs_source,needs_source,needs_source
189,Madurai East,Madurai,South,GEN,needs_source,MOORTHY P,DMK,GOPALAKRISHNAN R,AIADMK,122729,73125,49604,20.85,71.34,51.5902,30.7387,0.0,0.0,7.4269,10.2442,,,,,,needs_source,needs_source,needs_source,needs_source,needs_source,needs_source,needs_source,needs_source,needs_source,needs_source,needs_source,needs_source,needs_source
190,Sholavandan,Madurai,South,SC,needs_source,VENKATESAN A,DMK,MANICKAM K,AIADMK,84240,67195,17045,9.72,79.49,48.038,38.3181,0.0,0.0,7.947,5.6969,,,,,,needs_source,needs_source,needs_source,needs_source,needs_source,needs_source,needs_source,needs_source,needs_source,needs_source,needs_source,needs_source,needs_source
191,Madurai North,Madurai,South,GEN,needs_source,THALAPATHI G,DMK,SARAVANAN P,BJP,73010,50094,22916,14.64,63.6,46.6351,0.0,31.9975,0.0,9.7799,11.5875,,,,,,needs_source,needs_source,needs_source,needs_source,needs_source,needs_source,needs_source,needs_source,needs_source,needs_source,needs_source,needs_source,needs_source
192,Madurai South,Madurai,South,GEN,needs_source,BOOMINATHAN.M,DMK,SARAVANAN. S.S,AIADMK,62812,56297,6515,4.41,63.8,42.4885,38.0815,0.0,0.0,7.0911,12.3389,,,,,,needs_source,needs_source,needs_source,needs_source,needs_source,needs_source,needs_source,needs_source,needs_source,needs_source,needs_source,needs_source,needs_source
193,Madurai Central,Madurai,South,GEN,needs_source,PALANIVEL THIAGA RAJAN,DMK,JOTHI MUTHURAMALINGAM N,AIADMK,73205,39029,34176,22.87,61.03,48.9895,26.1186,0.0,0.0,7.5052,17.3867,,,,,,needs_source,needs_source,needs_source,needs_source,needs_source,needs_source,needs_source,needs_source,needs_source,needs_source,needs_source,needs_source,needs_source
194,Madurai West,Madurai,South,GEN,needs_source,RAJU. K,AIADMK,CHINNAMMAL. C,DMK,83883,74762,9121,4.52,65.12,37.067,41.5892,0.0,0.0,9.0355,12.3083,,,,,,needs_source,needs_source,needs_source,needs_source,needs_source,needs_source,needs_source,needs_source,needs_source,needs_source,needs_source,needs_source,needs_source
195,Thiruparankundram,Madurai,South,GEN,needs_source,"RAJANCHELLAPPA, V.V.",AIADMK,PONNUTHAI,CPI(M),103683,74194,29489,12.5,72.73,0.0,43.9616,0.0,0.0,9.6341,46.4043,,,,,,needs_source,needs_source,needs_source,needs_source,needs_source,needs_source,needs_source,needs_source,needs_source,needs_source,needs_source,needs_source,needs_source
196,Thirumangalam,Madurai,South,GEN,needs_source,UDHAYAKUMAR R B,AIADMK,MANIMARAN M,DMK,100338,86251,14087,6.39,78.13,39.117,45.5058,0.0,0.0,5.2577,10.1195,,,,,,needs_source,needs_source,needs_source,needs_source,needs_source,needs_source,needs_source,needs_source,needs_source,needs_source,needs_source,needs_source,needs_source
197,Usilampatti,Madurai,South,GEN,needs_source,AYYAPPAN P,AIADMK,KATHIRAVAN P V,DMK,71255,63778,7477,3.52,73.82,30.0113,33.5297,0.0,0.0,7.2264,29.2326,,,,,,needs_source,needs_source,needs_source,needs_source,needs_source,needs_source,needs_source,needs_source,needs_source,needs_source,needs_source,needs_source,needs_source
198,Andipatti,Theni,South,GEN,needs_source,A.MAHARAJAN,DMK,A.LOGIRAJAN,AIADMK,93541,85003,8538,4.07,74.85,44.6411,40.5665,0.0,0.0,5.3527,9.4397,,,,,,needs_source,needs_source,needs_source,needs_source,needs_source,needs_source,needs_source,needs_source,needs_source,needs_source,needs_source,needs_source,needs_source
199,Periyakulam,Theni,South,SC,needs_source,K.S.SARAVANAKUMAAR,DMK,M Murugan,AIADMK,92251,70930,21321,10.57,69.94,45.7148,35.1492,0.0,0.0,5.8445,13.2915,,,,,,needs_source,needs_source,needs_source,needs_source,needs_source,needs_source,needs_source,needs_source,needs_source,needs_source,needs_source,needs_source,needs_source
200,Bodinayakanur,Theni,South,GEN,needs_source,O.PANNEERSELVAM,AIADMK,THANGATAMILSELVAN,DMK,100050,89029,11021,5.13,76.3,41.4484,46.5793,0.0,0.0,5.1742,6.7981,,,,,,needs_source,needs_source,needs_source,needs_source,needs_source,needs_source,needs_source,needs_source,needs_source,needs_source,needs_source,needs_source,needs_source
201,Cumbum,Theni,South,GEN,needs_source,N.Ramakrishnan,DMK,Syedukhan.S.P.M,AIADMK,104800,62387,42413,20.97,69.51,51.8107,30.8427,0.0,0.0,6.1041,11.2425,,,,,,needs_source,needs_source,needs_source,needs_source,needs_source,needs_source,needs_source,needs_source,needs_source,needs_source,needs_source,needs_source,needs_source
202,Rajapalayam,Virudhunagar,South,GEN,needs_source,THANGAPANDIAN S.,DMK,RAJENTHRABHALAJI K.T,AIADMK,74158,70260,3898,2.18,73.89,41.4967,39.3155,0.0,0.0,8.7254,10.4624,,,,,,needs_source,needs_source,needs_source,needs_source,needs_source,needs_source,needs_source,needs_source,needs_source,needs_source,needs_source,needs_source,needs_source
203,Srivilliputhur,Virudhunagar,South,SC,needs_source,"MANRAJ, E.M.",AIADMK,"MADHAVARAO, P.S.W.",INC,70475,57737,12738,6.88,73.14,0.0,38.0866,0.0,31.2026,10.9966,19.7142,,,,,,needs_source,needs_source,needs_source,needs_source,needs_source,needs_source,needs_source,needs_source,needs_source,needs_source,needs_source,needs_source,needs_source
204,Sattur,Virudhunagar,South,GEN,needs_source,"RAGHURAMAN,  A.R.R.",DMK,"RAVICHANDHRAN, R.K.",AIADMK,74174,62995,11179,5.83,75.17,38.676,32.847,0.0,0.0,6.5835,21.8935,,,,,,needs_source,needs_source,needs_source,needs_source,needs_source,needs_source,needs_source,needs_source,needs_source,needs_source,needs_source,needs_source,needs_source
205,Sivakasi,Virudhunagar,South,GEN,needs_source,Ashokan.G,INC,Lakshmi Ganesan,AIADMK,78947,61628,17319,9.36,70.16,0.0,33.304,0.0,42.6632,11.2755,12.7573,,,,,,needs_source,needs_source,needs_source,needs_source,needs_source,needs_source,needs_source,needs_source,needs_source,needs_source,needs_source,needs_source,needs_source
206,Virudhunagar,Virudhunagar,South,GEN,needs_source,SEENIVASAN A.R.R,DMK,PANDURANGAN G,BJP,73297,51958,21339,13.2,71.27,45.3242,0.0,32.129,0.0,8.8494,13.6974,,,,,,needs_source,needs_source,needs_source,needs_source,needs_source,needs_source,needs_source,needs_source,needs_source,needs_source,needs_source,needs_source,needs_source
207,Aruppukkottai,Virudhunagar,South,GEN,needs_source,K.K.S.S.R.RAMACHANDRAN,DMK,VAIGAICHELVAN,AIADMK,91040,52006,39034,22.8,75.6,53.1773,30.3772,0.0,0.0,7.2383,9.2072,,,,,,needs_source,needs_source,needs_source,needs_source,needs_source,needs_source,needs_source,needs_source,needs_source,needs_source,needs_source,needs_source,needs_source
208,Tiruchuli,Virudhunagar,South,GEN,needs_source,THANGAM THENARASU,DMK,RAJASEKAR S,AIADMK,102225,41233,60992,35.29,77.46,59.1542,23.8602,0.0,0.0,7.9781,9.0075,,,,,,needs_source,needs_source,needs_source,needs_source,needs_source,needs_source,needs_source,needs_source,needs_source,needs_source,needs_source,needs_source,needs_source
209,Paramakudi,Ramanathapuram,South,SC,needs_source,MURUGESAN S,DMK,SADHAN PRABHAKAR N,AIADMK,84864,71579,13285,7.29,70.59,46.5881,39.295,0.0,0.0,9.0196,5.0973,,,,,,needs_source,needs_source,needs_source,needs_source,needs_source,needs_source,needs_source,needs_source,needs_source,needs_source,needs_source,needs_source,needs_source
210,Tiruvadanai,Ramanathapuram,South,GEN,needs_source,KARUMANICKAM,INC,K C ANIMUTHU,AIADMK,79364,65512,13852,6.86,68.72,0.0,32.4614,0.0,39.3251,8.1763,20.0372,,,,,,needs_source,needs_source,needs_source,needs_source,needs_source,needs_source,needs_source,needs_source,needs_source,needs_source,needs_source,needs_source,needs_source
211,Ramanathapuram,Ramanathapuram,South,GEN,needs_source,KATHARBATCHA MUTHURAMALINGAM,DMK,D.KUPPURAMU,BJP,111082,60603,50479,23.58,68.81,51.8837,0.0,28.3062,0.0,7.9618,11.8483,,,,,,needs_source,needs_source,needs_source,needs_source,needs_source,needs_source,needs_source,needs_source,needs_source,needs_source,needs_source,needs_source,needs_source
212,Mudhukulathur,Ramanathapuram,South,GEN,needs_source,R.S.RAJAKANNAPPAN,DMK,KEERTHIKA,AIADMK,101901,81180,20721,9.37,70.29,46.0647,36.6977,0.0,0.0,5.0829,12.1547,,,,,,needs_source,needs_source,needs_source,needs_source,needs_source,needs_source,needs_source,needs_source,needs_source,needs_source,needs_source,needs_source,needs_source
213,Vilathikulam,Thoothukudi,South,GEN,needs_source,MARKANDAYAN V,DMK,CHINNAPPAN P,AIADMK,90348,51799,38549,23.06,76.52,54.0459,30.986,0.0,0.0,7.0755,7.8926,,,,,,needs_source,needs_source,needs_source,needs_source,needs_source,needs_source,needs_source,needs_source,needs_source,needs_source,needs_source,needs_source,needs_source
214,Thoothukkudi,Thoothukudi,South,GEN,needs_source,P.Geetha Jeevan,DMK,SDR Vijayaseelan,AIADMK,92314,42004,50310,26.7,65.07,48.9971,22.2943,0.0,0.0,16.4203,12.2883,,,,,,needs_source,needs_source,needs_source,needs_source,needs_source,needs_source,needs_source,needs_source,needs_source,needs_source,needs_source,needs_source,needs_source
215,Tiruchendur,Thoothukudi,South,GEN,needs_source,Anitha R. Radhakrishnan,DMK,Radhakrishnan M,AIADMK,88274,63011,25263,14.47,70.04,50.5764,36.102,0.0,0.0,8.6303,4.6913,,,,,,needs_source,needs_source,needs_source,needs_source,needs_source,needs_source,needs_source,needs_source,needs_source,needs_source,needs_source,needs_source,needs_source
216,Srivaikuntam,Thoothukudi,South,GEN,needs_source,Amirtharaj .S,INC,S.P.SHUNMUGANATHAN,AIADMK,76843,59471,17372,10.57,72.34,0.0,36.1777,0.0,46.7455,7.7294,9.3474,,,,,,needs_source,needs_source,needs_source,needs_source,needs_source,needs_source,needs_source,needs_source,needs_source,needs_source,needs_source,needs_source,needs_source
217,Ottapidaram,Thoothukudi,South,SC,needs_source,SHUNMUGAIAH C,DMK,MOHAN P,AIADMK,73110,64600,8510,4.79,69.82,41.11,36.3248,0.0,0.0,12.6029,9.9623,,,,,,needs_source,needs_source,needs_source,needs_source,needs_source,needs_source,needs_source,needs_source,needs_source,needs_source,needs_source,needs_source,needs_source
218,Kovilpatti,Thoothukudi,South,GEN,needs_source,KADAMBUR RAJU,AIADMK,TTV DHINAKARAN,AMMK,68556,56153,12403,6.86,67.43,0.0,37.8913,0.0,0.0,5.0921,57.0166,,,,,,needs_source,needs_source,needs_source,needs_source,needs_source,needs_source,needs_source,needs_source,needs_source,needs_source,needs_source,needs_source,needs_source
219,Sankarankovil,Tenkasi,South,SC,needs_source,RAJA E,DMK,RAJALAKSHMI V M,AIADMK,71347,66050,5297,2.89,71.48,38.9156,36.0264,0.0,0.0,7.5549,17.5031,,,,,,needs_source,needs_source,needs_source,needs_source,needs_source,needs_source,needs_source,needs_source,needs_source,needs_source,needs_source,needs_source,needs_source
220,Vasudevanallur,Tenkasi,South,SC,needs_source,"SADHAN THIRUMALAIKUMAR, DOCTOR.T",DMK,MANOHARAN A,AIADMK,68730,66363,2367,1.35,71.87,39.0776,37.7318,0.0,0.0,9.5127,13.6779,,,,,,needs_source,needs_source,needs_source,needs_source,needs_source,needs_source,needs_source,needs_source,needs_source,needs_source,needs_source,needs_source,needs_source
221,Kadayanallur,Tenkasi,South,GEN,needs_source,C.KRISHNAMURALI,AIADMK,K.A.M.MUHAMMED ABUBACKER,IUML,88474,64125,24349,11.86,70.35,0.0,43.0795,0.0,0.0,4.9354,51.9851,,,,,,needs_source,needs_source,needs_source,needs_source,needs_source,needs_source,needs_source,needs_source,needs_source,needs_source,needs_source,needs_source,needs_source
222,Tenkasi,Tenkasi,South,GEN,needs_source,PALANI NADAR.S,INC,SELVA MOHANDAS PANDIAN.S,AIADMK,89315,88945,370,0.17,72.4,0.0,41.5421,0.0,41.7149,7.1627,9.5803,,,,,,needs_source,needs_source,needs_source,needs_source,needs_source,needs_source,needs_source,needs_source,needs_source,needs_source,needs_source,needs_source,needs_source
223,Alangulam,Tenkasi,South,GEN,needs_source,PAUL MANOJ PANDIAN,AIADMK,DR.POONGOTHAI ALADI ARUNA,DMK,74153,70614,3539,1.74,77.4,34.7035,36.4428,0.0,0.0,6.1525,22.7012,,,,,,needs_source,needs_source,needs_source,needs_source,needs_source,needs_source,needs_source,needs_source,needs_source,needs_source,needs_source,needs_source,needs_source
224,Tirunelveli,Tirunelveli,South,GEN,needs_source,Nainar Nagenthran,BJP,"Lakshmanan,A.L.S.",DMK,92282,69175,23107,11.69,66.91,35.0099,0.0,46.7045,0.0,9.698,8.5876,,,,,,needs_source,needs_source,needs_source,needs_source,needs_source,needs_source,needs_source,needs_source,needs_source,needs_source,needs_source,needs_source,needs_source
225,Ambasamudram,Tirunelveli,South,GEN,needs_source,E.SUBAYA,AIADMK,R.AVUDAIAPPAN,DMK,85211,68296,16915,9.52,72.03,38.4374,47.9573,0.0,0.0,7.7301,5.8752,,,,,,needs_source,needs_source,needs_source,needs_source,needs_source,needs_source,needs_source,needs_source,needs_source,needs_source,needs_source,needs_source,needs_source
226,Palayamkottai,Tirunelveli,South,GEN,needs_source,ABDUL WAHAB .M,DMK,GERALD .G,AIADMK,89117,36976,52141,32.37,57.76,55.3209,22.9535,0.0,0.0,7.2412,14.4844,,,,,,needs_source,needs_source,needs_source,needs_source,needs_source,needs_source,needs_source,needs_source,needs_source,needs_source,needs_source,needs_source,needs_source
227,Nanguneri,Tirunelveli,South,GEN,needs_source,RUBY R MANOHARAN,INC,GANESARAJA,AIADMK,75902,59416,16486,8.56,68.59,0.0,30.8619,0.0,39.4251,9.1699,20.5431,,,,,,needs_source,needs_source,needs_source,needs_source,needs_source,needs_source,needs_source,needs_source,needs_source,needs_source,needs_source,needs_source,needs_source
228,Radhapuram,Tirunelveli,South,GEN,needs_source,M.Appavu,DMK,I.S.Inbadurai,AIADMK,82331,76406,5925,3.16,68.08,43.9544,40.7912,0.0,0.0,10.3417,4.9127,,,,,,needs_source,needs_source,needs_source,needs_source,needs_source,needs_source,needs_source,needs_source,needs_source,needs_source,needs_source,needs_source,needs_source
229,Kanniyakumari,Kanniyakumari,South,GEN,needs_source,THALAVAI SUNDARAM N.,AIADMK,AUSTIN S.,DMK,109745,93532,16213,7.21,75.19,41.5931,48.8029,0.0,0.0,6.288,3.316,,,,,,needs_source,needs_source,needs_source,needs_source,needs_source,needs_source,needs_source,needs_source,needs_source,needs_source,needs_source,needs_source,needs_source
230,Nagercoil,Kanniyakumari,South,GEN,needs_source,Gandhi M.R.,BJP,Suresh Rajan N.,DMK,88804,77135,11669,6.34,67.06,41.8791,0.0,48.2146,0.0,5.8382,4.0681,,,,,,needs_source,needs_source,needs_source,needs_source,needs_source,needs_source,needs_source,needs_source,needs_source,needs_source,needs_source,needs_source,needs_source
231,Colachal,Kanniyakumari,South,GEN,needs_source,Prince J.G.,INC,Ramesh P.,BJP,90681,65849,24832,13.57,67.27,0.0,0.0,35.9892,49.5609,9.9481,4.5018,,,,,,needs_source,needs_source,needs_source,needs_source,needs_source,needs_source,needs_source,needs_source,needs_source,needs_source,needs_source,needs_source,needs_source
232,Padmanabhapuram,Kanniyakumari,South,GEN,needs_source,"Mano Thangaraj, T.",DMK,"John Thankam, D.",AIADMK,87744,60859,26885,15.8,70.08,51.5668,35.7666,0.0,0.0,8.1684,4.4982,,,,,,needs_source,needs_source,needs_source,needs_source,needs_source,needs_source,needs_source,needs_source,needs_source,needs_source,needs_source,needs_source,needs_source
233,Vilavancode,Kanniyakumari,South,GEN,needs_source,VIJAYADHARANI S,INC,JAYASEELAN R,BJP,87473,58804,28669,17.08,66.83,0.0,0.0,35.0366,52.1181,7.3238,5.5215,,,,,,needs_source,needs_source,needs_source,needs_source,needs_source,needs_source,needs_source,needs_source,needs_source,needs_source,needs_source,needs_source,needs_source
234,Killiyoor,Kanniyakumari,South,GEN,needs_source,RAJESH KUMAR  S,INC,JUDE DEV   K.V,AIADMK,101541,46141,55400,32.6,65.87,0.0,27.1549,0.0,59.7588,8.5435,4.5428,,,,,,needs_source,needs_source,needs_source,needs_source,needs_source,needs_source,needs_source,needs_source,needs_source,needs_source,needs_source,needs_source,needs_source
